,file_path,object,iou,precision,recall,f1_score,score
0,./organized_dataset/all_but_dark_brown/train/Default_Doctor_no_date 12.06.40 PM.mov2022-01-26-11h52m40s890.png,pupil,0.9489088346615716,0.9721838704035191,0.9753908765903426,0.9737847330620262,0.8189563
1,./organized_dataset/all_but_dark_brown/train/Default_Doctor_no_date 12.06.40 PM.mov2022-01-26-11h52m40s890.png,iris,0.9581318957267703,0.9766809028770674,0.9805634852831202,0.9786183431439942,0.87896377
2,./organized_dataset/all_but_dark_brown/train/Doctor_2 25& 27ga IOP Control no_date 01.59.15 PM.avi2022-01-26-11h54m27s496.png,pupil,0.8948564872846247,0.9107027027027027,0.9809264305177112,0.9445110944174732,0.8252197
3,./organized_dataset/all_but_dark_brown/train/Doctor_2 25& 27ga IOP Control no_date 01.59.15 PM.avi2022-01-26-11h54m27s496.png,iris,0.946680415888104,0.980722891566265,0.9646302250803859,0.9726099961366433,0.9149893
4,"./organized_dataset/all_but_dark_brown/train/DR. DE LA CRUZ Feb 26, 2021 12.44.11 PM.mov2022-01-26-12h56m02s740.png",pupil,0.9567117879300621,0.9582656592048584,0.9983079526226735,0.9778770627657275,0.82001543
5,"./organized_dataset/all_but_dark_brown/train/DR. DE LA CRUZ Feb 26, 2021 12.44.11 PM.mov2022-01-26-12h56m02s740.png",iris,0.9539647931634938,0.9973190348525469,0.9564174506244155,0.9764401042446755,0.8555962
6,"./organized_dataset/all_but_dark_brown/train/DR. DE LA CRUZ Mar 26, 2021 11.33.34 AM.mov2022-01-26-12h56m48s613.png",pupil,0.955488305910175,0.9625357515394193,0.9923954372623575,0.9772375554712883,0.8529503
7,"./organized_dataset/all_but_dark_brown/train/DR. DE LA CRUZ Mar 26, 2021 11.33.34 AM.mov2022-01-26-12h56m48s613.png",iris,0.9165043285499568,0.9351655507147661,0.9786910197869102,0.9564333509681052,0.8356444
8,"./organized_dataset/all_but_dark_brown/train/DR. DE LA CRUZ May 14, 2021 07.46.42 AM.mov2022-01-26-12h57m15s077.png",pupil,0.9627209334327527,0.9627209334327527,1.0,0.981006435539439,0.8409261
9,"./organized_dataset/all_but_dark_brown/train/DR. DE LA CRUZ May 14, 2021 07.46.42 AM.mov2022-01-26-12h57m15s077.png",iris,0.9342353736075258,0.990358126721763,0.9428106860619624,0.9659996775522635,0.8147097
10,"./organized_dataset/all_but_dark_brown/train/DR. DE LA CRUZ May 14, 2021 10.36.18 AM.mov2022-01-26-13h03m31s455.png",pupil,0.9522876948161373,0.9649856375947956,0.9863703608655944,0.9755608226643276,0.7557727
11,"./organized_dataset/all_but_dark_brown/train/DR. DE LA CRUZ May 14, 2021 10.36.18 AM.mov2022-01-26-13h03m31s455.png",iris,0.9656283566058003,0.9835886214442013,0.9814410480349345,0.9825136612021858,0.8796296
12,"./organized_dataset/all_but_dark_brown/train/Dr. Leiderman 25ga IOP Control Aug 18, 2021 01.12.00 PM.mov2022-01-26-13h05m21s361.png",pupil,0.9581167608286252,0.9698795180722891,0.9875,0.9786104485650535,0.9060171
13,"./organized_dataset/all_but_dark_brown/train/Dr. Leiderman 25ga IOP Control Aug 18, 2021 01.12.00 PM.mov2022-01-26-13h05m21s361.png",iris,0.9250837299488807,1.0,0.9250837299488807,0.9610841498031315,0.8553285
14,"./organized_dataset/all_but_dark_brown/train/Dr. Leiderman 25ga IOP Control Aug 25, 2021 09.23.58 AM.mov2022-01-26-13h05m51s649.png",pupil,0.927124778025041,0.9741379310344828,0.9505208333333334,0.9621844818737461,0.86202174
15,"./organized_dataset/all_but_dark_brown/train/Dr. Leiderman 25ga IOP Control Aug 25, 2021 09.23.58 AM.mov2022-01-26-13h05m51s649.png",iris,0.9620444678331799,0.9831932773109243,0.9781300160513644,0.9806551111409125,0.86352354
16,"./organized_dataset/all_but_dark_brown/train/Dr. Leiderman 25ga IOP Control Mar 03, 2021 12.18.07 PM.mov2022-01-26-13h07m28s468.png",pupil,0.9916502037288554,1.0,0.9916502037288554,0.9958075990173817,0.8751578
17,"./organized_dataset/all_but_dark_brown/train/Dr. Leiderman 25ga IOP Control Mar 03, 2021 12.18.07 PM.mov2022-01-26-13h07m28s468.png",iris,0.9248934076746474,0.9896907216494846,0.9338907976983897,0.9609814278411996,0.90032953
18,"./organized_dataset/all_but_dark_brown/train/Dr. Leiderman 25ga IOP Control Mar 10, 2021 10.24.30 AM.mov2022-01-26-13h07m36s923.png",pupil,0.9683378899967835,0.9870696721311475,0.9807790198114552,0.9839142912585661,0.893337
19,"./organized_dataset/all_but_dark_brown/train/Dr. Leiderman 25ga IOP Control Mar 10, 2021 10.24.30 AM.mov2022-01-26-13h07m36s923.png",iris,0.9567099567099567,1.0,0.9567099567099567,0.9778761061946903,0.895229
20,"./organized_dataset/all_but_dark_brown/train/Dr. Leiderman 25ga IOP Control Mar 31, 2021 01.39.39 PM.mov2022-01-26-13h07m43s884.png",pupil,0.9306133874523251,0.9610117434507678,0.9671272727272727,0.9640598096964204,0.9040103
21,"./organized_dataset/all_but_dark_brown/train/Dr. Leiderman 25ga IOP Control Mar 31, 2021 01.39.39 PM.mov2022-01-26-13h07m43s884.png",iris,0.9515554867667544,0.9929742388758782,0.958005453837164,0.9751764612578316,0.88393587
22,"./organized_dataset/all_but_dark_brown/train/Dr. Leiderman 25ga IOP Control May 26, 2021 12.06.50 PM.mov2022-01-26-13h08m10s107.png",pupil,0.9544577125237113,0.9765646374829001,0.9768318965517241,0.9766982487344369,0.8787602
23,"./organized_dataset/all_but_dark_brown/train/Dr. Leiderman 25ga IOP Control May 26, 2021 12.06.50 PM.mov2022-01-26-13h08m10s107.png",iris,0.8934722280327434,1.0,0.8934722280327434,0.9437394589737735,0.8569203
24,"./organized_dataset/all_but_dark_brown/train/Dr. Leiderman 25ga IOP Control Sep 08, 2021 12.07.33 PM.mov2022-01-26-13h09m14s620.png",pupil,0.9383538008728306,0.9406705509696062,0.9973821989528796,0.9681966217419079,0.8412978
25,"./organized_dataset/all_but_dark_brown/train/Dr. Leiderman 25ga IOP Control Sep 08, 2021 12.07.33 PM.mov2022-01-26-13h09m14s620.png",iris,0.9736996141321952,0.9931371469311339,0.9802955665024631,0.9866745751585058,0.89609283
26,"./organized_dataset/all_but_dark_brown/train/Dr. Leiderman 25ga Phaco PPV Feb 24, 2021 09.04.25 AM.mov2022-01-26-13h12m59s629.png",pupil,0.958461375106181,0.9789103690685413,0.9786700085460274,0.9787901740510114,0.854341
27,"./organized_dataset/all_but_dark_brown/train/Dr. Leiderman 25ga Phaco PPV Feb 24, 2021 09.04.25 AM.mov2022-01-26-13h12m59s629.png",iris,0.8977611556211292,1.0,0.8977611556211292,0.9461266007705756,0.8881281
28,"./organized_dataset/all_but_dark_brown/train/Dr. Leiderman 25ga Phaco PPV Mar 31, 2021 09.19.37 AM.mov2022-01-26-13h14m49s559.png",pupil,0.973458831510218,0.9911076577743244,0.9820359281437125,0.9865509388561852,0.8739244
29,"./organized_dataset/all_but_dark_brown/train/Dr. Leiderman 25ga Phaco PPV Mar 31, 2021 09.19.37 AM.mov2022-01-26-13h14m49s559.png",iris,0.9400495123878949,0.9585770045426086,0.9798534798534798,0.9690984754619405,0.8722617
30,./organized_dataset/all_but_dark_brown/train/July292021124251945628.mp42022-01-25-12h50m17s128.png,pupil,0.9763443701110598,0.9826400759734093,0.9934806194851705,0.9880306133654172,0.84126794
31,./organized_dataset/all_but_dark_brown/train/July292021124251945628.mp42022-01-25-12h50m17s128.png,iris,0.9236864885439945,0.9323526677821157,0.9900373599003736,0.9603295485462572,0.902372
32,./organized_dataset/all_but_dark_brown/train/July292021144104270883.mp42022-01-25-12h48m12s504.png,pupil,0.9629557418600116,0.9629557418600116,1.0,0.9811283273738577,0.8911302
33,./organized_dataset/all_but_dark_brown/train/July292021144104270883.mp42022-01-25-12h48m12s504.png,iris,0.968363786664085,0.9883551673944687,0.979539641943734,0.9839276593329677,0.8928688
34,./organized_dataset/all_but_dark_brown/train/July292021155047302492.mp42022-01-25-12h02m54s875.png,pupil,0.9681089467333218,0.9818181818181818,0.985781990521327,0.9837960935447139,0.8682441
35,./organized_dataset/all_but_dark_brown/train/July292021155047302492.mp42022-01-25-12h02m54s875.png,iris,0.9308668076109936,0.9336301950805768,0.9968304278922345,0.9641957735683785,0.8470098
36,./organized_dataset/all_but_dark_brown/train/July292021172853553875.mp42022-01-25-11h57m12s565.png,pupil,0.9702872224809812,0.9702872224809812,1.0,0.9849195705174374,0.8656744
37,./organized_dataset/all_but_dark_brown/train/July292021172853553875.mp42022-01-25-11h57m12s565.png,iris,0.9721433683206107,0.9780637806378064,0.9938118811881188,0.9858749459461912,0.87173045
38,./organized_dataset/all_but_dark_brown/train/July292021172853553875.mp42022-01-25-12h50m00s950.png,pupil,0.9605632702838279,0.9605632702838279,1.0,0.9798850002374763,0.8651626
39,./organized_dataset/all_but_dark_brown/train/July292021172853553875.mp42022-01-25-12h50m00s950.png,iris,0.8991138552968214,0.8991138552968214,1.0,0.9468772530821168,0.88851005
40,./organized_dataset/all_but_dark_brown/train/March082021163312052330.mp42022-01-25-12h56m53s724.png,pupil,0.9127724897062297,0.9605696811212086,0.9483038190740346,0.9543973416790582,0.92659765
41,./organized_dataset/all_but_dark_brown/train/March082021163312052330.mp42022-01-25-12h56m53s724.png,iris,0.9295550983797098,0.9412085488592165,0.9868554095045501,0.9634916351031156,0.93041587
42,./organized_dataset/all_but_dark_brown/train/March152021133229778013.mp42022-01-25-12h56m02s397.png,pupil,0.9737837561524193,0.9906542056074766,0.9828125,0.9867177730256099,0.84485614
43,./organized_dataset/all_but_dark_brown/train/March152021133229778013.mp42022-01-25-12h56m02s397.png,iris,0.9638750051593097,0.9760198862392478,0.9872549019607844,0.9816052474084217,0.89440346
44,./organized_dataset/all_but_dark_brown/train/March152021143247455227.mp42022-01-25-12h55m37s162.png,pupil,0.9652159948610888,0.983666655755949,0.9809374591983288,0.982300161799075,0.86280936
45,./organized_dataset/all_but_dark_brown/train/March152021143247455227.mp42022-01-25-12h55m37s162.png,iris,0.9378498640123876,0.9926108374384236,0.94444350829893,0.9679283018040785,0.8598783
46,./organized_dataset/all_but_dark_brown/train/March152021151543792629.mp42022-01-25-12h53m21s850.png,pupil,0.9630058398291785,0.9890350877192983,0.9733981693363845,0.9811543300482282,0.88497585
47,./organized_dataset/all_but_dark_brown/train/March152021151543792629.mp42022-01-25-12h53m21s850.png,iris,0.9522105029009954,0.9866131191432396,0.9646741784037559,0.9755203155458957,0.9014809
48,./organized_dataset/all_but_dark_brown/train/May102021153635195973.mp42022-01-25-13h00m12s708.png,pupil,0.93786177067909,0.9883551673944687,0.9483408591905216,0.9679346430890503,0.77554303
49,./organized_dataset/all_but_dark_brown/train/May102021153635195973.mp42022-01-25-13h00m12s708.png,iris,0.9408747822721115,0.9686192468619247,0.9704561333466414,0.9695368200628209,0.9155361
50,./organized_dataset/all_but_dark_brown/train/November082021174857627759.mp42022-01-25-13h05m22s649.png,pupil,0.9528675985050943,0.9886363636363636,0.9634194511344689,0.9758650296973613,0.8937427
51,./organized_dataset/all_but_dark_brown/train/November082021174857627759.mp42022-01-25-13h05m22s649.png,iris,0.937736246145076,0.9523565892777502,0.9838926174496644,0.9678677869711159,0.9097506
52,./organized_dataset/all_but_dark_brown/train/November082021183550805677.mp42022-01-25-13h05m51s172.png,pupil,0.9538353308568046,0.9792747483110638,0.9734869711403754,0.976372282549036,0.91491044
53,./organized_dataset/all_but_dark_brown/train/November082021183550805677.mp42022-01-25-13h05m51s172.png,iris,0.9328068035198863,0.9630204306812283,0.9674606430205741,0.9652354304849579,0.92747295
54,./organized_dataset/all_but_dark_brown/train/November082021193248220549.mp42022-01-25-13h06m52s369.png,pupil,0.9623447561617292,0.9688995215311005,0.9930191972076788,0.9808110966638078,0.8699094
55,./organized_dataset/all_but_dark_brown/train/November082021193248220549.mp42022-01-25-13h06m52s369.png,iris,0.9421534859025499,0.9701132667937648,0.970317297850563,0.9702152715955054,0.8996742
56,./organized_dataset/all_but_dark_brown/train/November092021085956854196.mp42022-01-25-13h07m29s366.png,pupil,0.9393803142049916,0.9416426173706551,0.9974489795918368,0.968742754914547,0.80958235
57,./organized_dataset/all_but_dark_brown/train/November092021085956854196.mp42022-01-25-13h07m29s366.png,iris,0.8867443931961833,1.0,0.8867443931961833,0.9399729994098673,0.9312129
58,./organized_dataset/all_but_dark_brown/train/November092021104113221840.mp42022-01-25-13h08m44s011.png,pupil,0.9515097756587944,0.9772438269847596,0.9730700179533214,0.9751524563463505,0.88442516
59,./organized_dataset/all_but_dark_brown/train/November092021104113221840.mp42022-01-25-13h08m44s011.png,iris,0.8075377324728876,0.8075377324728876,1.0,0.8935224067141297,0.8802655
60,./organized_dataset/all_but_dark_brown/train/November092021120552710085.mp42022-01-25-13h09m18s363.png,pupil,0.8625747294361892,0.8842993122204048,0.9723076923076923,0.9262175802173531,0.77543503
61,./organized_dataset/all_but_dark_brown/train/November092021120552710085.mp42022-01-25-13h09m18s363.png,iris,0.9679938206586616,1.0,0.9679938206586616,0.9837366464237035,0.92014694
62,./organized_dataset/all_but_dark_brown/train/November092021140241275025.mp42022-01-25-13h09m50s056.png,pupil,0.9358057902786666,0.9851239669421488,0.9492194913972135,0.9668385072285107,0.8987107
63,./organized_dataset/all_but_dark_brown/train/November092021140241275025.mp42022-01-25-13h09m50s056.png,iris,0.9918260228854802,0.9953460098369372,0.9964470776763361,0.9958962394202087,0.92361456
64,./organized_dataset/all_but_dark_brown/train/November092021172432076675.mp42022-01-25-13h10m02s589.png,pupil,0.960031289814487,0.9723683475975556,0.9869565217391304,0.9796081264655239,0.8531196
65,./organized_dataset/all_but_dark_brown/train/November092021172432076675.mp42022-01-25-13h10m02s589.png,iris,0.9200010917626508,0.9448088350711963,0.9722518676627535,0.958333925652143,0.9137951
66,./organized_dataset/all_but_dark_brown/train/November102021091954131715.mp42022-01-25-13h10m37s065.png,pupil,0.9470663265306123,0.9470663265306123,1.0,0.9728136259416967,0.8368238
67,./organized_dataset/all_but_dark_brown/train/November102021091954131715.mp42022-01-25-13h10m37s065.png,iris,0.9350136185326245,0.9396871305765016,0.9947089947089947,0.9664155431026596,0.9164139
68,./organized_dataset/all_but_dark_brown/train/November102021113447192852.mp42022-01-25-13h10m43s267.png,pupil,0.9038408552377803,0.9097565034111709,0.9928571428571429,0.9494920258184029,0.87435186
69,./organized_dataset/all_but_dark_brown/train/November102021113447192852.mp42022-01-25-13h10m43s267.png,iris,0.8553522484893904,1.0,0.8553522484893904,0.9220375798566659,0.8765632
70,./organized_dataset/all_but_dark_brown/train/November102021140836575889.mp42022-01-25-13h11m04s458.png,pupil,0.9634202679433875,0.971005291005291,0.9919571045576407,0.9813693824731021,0.8669523
71,./organized_dataset/all_but_dark_brown/train/November102021140836575889.mp42022-01-25-13h11m04s458.png,iris,0.9387864109804173,0.9841656516443362,0.9531835205992509,0.9684268526574684,0.91211456
72,./organized_dataset/all_but_dark_brown/train/November102021203432741546.mp42022-01-25-13h12m26s180.png,pupil,0.9539750238973622,0.973788055127768,0.9791174152876281,0.9764454634579529,0.8299951
73,./organized_dataset/all_but_dark_brown/train/November102021203432741546.mp42022-01-25-13h12m26s180.png,iris,0.9524411623741896,0.9853403141361257,0.9661314569006877,0.975641346565354,0.93300015
74,./organized_dataset/all_but_dark_brown/train/November112021091710288174.mp42022-01-25-13h12m56s289.png,pupil,0.9122378465247087,0.9122378465247087,1.0,0.9541050013026414,0.82381904
75,./organized_dataset/all_but_dark_brown/train/November112021091710288174.mp42022-01-25-13h12m56s289.png,iris,0.9678924280488916,0.9745575221238938,0.9929836088341893,0.9836842850282511,0.89341694
76,./organized_dataset/all_but_dark_brown/train/November152021102009926555.mp42022-01-25-13h14m07s393.png,pupil,0.9333894637331147,1.0,0.9333894637331147,0.9655472746094989,0.8611106
77,./organized_dataset/all_but_dark_brown/train/November152021102009926555.mp42022-01-25-13h14m07s393.png,iris,0.938203704426351,0.9718100890207715,0.964451313755796,0.9681167178493559,0.9018428
78,./organized_dataset/all_but_dark_brown/train/November152021114722399610.mp42022-01-25-13h14m21s399.png,pupil,0.9390971931294512,0.9390971931294512,1.0,0.9685921845040374,0.86791843
79,./organized_dataset/all_but_dark_brown/train/November152021114722399610.mp42022-01-25-13h14m21s399.png,iris,0.953175702823908,0.9692545309305172,0.9828939301042305,0.9760265821920715,0.876587
80,./organized_dataset/all_but_dark_brown/train/November152021131025565454.mp42022-01-25-13h14m42s736.png,pupil,0.9694409102911875,0.9968847352024922,0.9723867587429089,0.9844833680720616,0.82507765
81,./organized_dataset/all_but_dark_brown/train/November152021131025565454.mp42022-01-25-13h14m42s736.png,iris,0.9592479450760558,0.967566709021601,0.9911167512690355,0.9792001543110654,0.9170432
82,./organized_dataset/all_but_dark_brown/train/November152021160610472500.mp42022-01-25-13h15m03s080.png,pupil,0.9597095489011696,0.9813606097774663,0.9775280898876404,0.9794406007148244,0.8814199
83,./organized_dataset/all_but_dark_brown/train/November152021160610472500.mp42022-01-25-13h15m03s080.png,iris,0.9593202427783403,0.9914089347079038,0.9673619228011839,0.9792378211925299,0.8682898
84,./organized_dataset/all_but_dark_brown/train/November152021171539939110.mp42022-01-25-13h15m21s207.png,pupil,0.9377258641239571,0.9494405344609532,0.987012987012987,0.9678622569740034,0.87013185
85,./organized_dataset/all_but_dark_brown/train/November152021171539939110.mp42022-01-25-13h15m21s207.png,iris,0.9210453681579093,0.9210453681579093,1.0,0.9589001732333888,0.91495425
86,./organized_dataset/all_but_dark_brown/train/November152021183538605211.mp42022-01-25-13h15m37s459.png,pupil,0.9794504855395569,0.9838982375695987,0.9954058192955589,0.9896185761601196,0.839445
87,./organized_dataset/all_but_dark_brown/train/November152021183538605211.mp42022-01-25-13h15m37s459.png,iris,0.9251580599012414,0.9251580599012414,1.0,0.9611242621280677,0.93200356
88,./organized_dataset/all_but_dark_brown/train/November162021091245775971.mp42022-01-25-13h16m46s260.png,pupil,0.9587456112352378,0.9926470588235294,0.9656031503656675,0.9789383631400985,0.8554028
89,./organized_dataset/all_but_dark_brown/train/November162021091245775971.mp42022-01-25-13h16m46s260.png,iris,0.9104662606438362,0.9188644915373786,0.9900611869808994,0.9531351371125546,0.8925044
90,./organized_dataset/all_but_dark_brown/train/November162021114922686620.mp42022-01-25-13h18m03s545.png,pupil,0.9221179731661479,0.9221179731661479,1.0,0.9594811411572395,0.8634097
91,./organized_dataset/all_but_dark_brown/train/November162021114922686620.mp42022-01-25-13h18m03s545.png,iris,0.9411521659924351,0.9824150058616647,0.957278867901461,0.969684069575515,0.83440584
92,./organized_dataset/all_but_dark_brown/train/November162021183720541140.mp42022-01-25-13h18m14s086.png,pupil,0.9286044667635787,0.9448525086141693,0.9818181818181818,0.9629807280513919,0.82862765
93,./organized_dataset/all_but_dark_brown/train/November162021183720541140.mp42022-01-25-13h18m14s086.png,iris,0.9042861576137815,0.9689742637960901,0.9312500154836728,0.949737678865368,0.91066706
94,./organized_dataset/all_but_dark_brown/train/November172021142836294121.mp42022-01-25-13h18m57s549.png,pupil,0.9739112676775412,0.9869758472284283,0.9865906868276536,0.9867832294441715,0.85352236
95,./organized_dataset/all_but_dark_brown/train/November172021142836294121.mp42022-01-25-13h18m57s549.png,iris,0.9520559404473704,0.9852724594992637,0.9658002735978112,0.9754391979455046,0.87288433
96,./organized_dataset/all_but_dark_brown/train/November172021152224025824.mp42022-01-25-13h19m09s159.png,pupil,0.9478963890049634,0.9493501621723697,0.9983870967741936,0.9732513437115345,0.8886117
97,./organized_dataset/all_but_dark_brown/train/November172021152224025824.mp42022-01-25-13h19m09s159.png,iris,0.9410519235902393,0.9986876640419947,0.9422170683795141,0.969630860620808,0.90657055
98,./organized_dataset/all_but_dark_brown/train/November192021130037912555.mp42022-01-25-13h19m47s379.png,pupil,0.9674611261241306,0.9921630094043887,0.9749112743019129,0.9834614908300777,0.8676452
99,./organized_dataset/all_but_dark_brown/train/November192021130037912555.mp42022-01-25-13h19m47s379.png,iris,0.9508787218249979,0.962303664921466,0.9876681614349776,0.9748209472862309,0.8892095
100,./organized_dataset/all_but_dark_brown/train/November192021143032033230.mp42022-01-25-13h20m18s894.png,pupil,0.979936246015376,0.9863479081472161,0.9934102141680395,0.9898664646273322,0.83981943
101,./organized_dataset/all_but_dark_brown/train/November192021143032033230.mp42022-01-25-13h20m18s894.png,iris,0.9241488436184437,0.9250573352939939,0.9989384288747346,0.9605793716878396,0.91935563
102,./organized_dataset/all_but_dark_brown/train/October152021112325610641.mp42022-01-25-13h36m36s050.png,pupil,0.9651204345650776,0.9813226744186047,0.9831804281345565,0.9822506728740816,0.8813812
103,./organized_dataset/all_but_dark_brown/train/October152021112325610641.mp42022-01-25-13h36m36s050.png,iris,0.9168025846702317,1.0,0.9168025846702317,0.956595730830527,0.9123795
104,./organized_dataset/all_but_dark_brown/train/October152021122130957600.mp42022-01-25-13h37m03s215.png,pupil,0.9741556028124222,0.9868607472100922,0.9869565217391304,0.986908632151002,0.8805965
105,./organized_dataset/all_but_dark_brown/train/October152021122130957600.mp42022-01-25-13h37m03s215.png,iris,0.9443092229584755,0.9972727272727273,0.9467541509711545,0.9713570370474379,0.8542448
106,./organized_dataset/all_but_dark_brown/train/October152021133224383618.mp42022-01-25-13h37m18s423.png,pupil,0.9626357594423731,0.9696143421611207,0.9925788497217068,0.9809622135040265,0.90637326
107,./organized_dataset/all_but_dark_brown/train/October152021133224383618.mp42022-01-25-13h37m18s423.png,iris,0.9223367612483437,0.9389763779527559,0.981149012567325,0.9595995663625438,0.9348582
108,./organized_dataset/all_but_dark_brown/train/October152021161302095038.mp42022-01-25-13h39m52s048.png,pupil,0.900442226251246,0.9284886448301554,0.9675425038639877,0.9476133647350393,0.8485225
109,./organized_dataset/all_but_dark_brown/train/October152021161302095038.mp42022-01-25-13h39m52s048.png,iris,0.971273564026524,0.9875305524892583,0.9833333333333333,0.9854274736405436,0.872211
110,./organized_dataset/all_but_dark_brown/train/October152021172150779946.mp42022-01-25-13h40m11s112.png,pupil,0.9082661444548139,0.9082661444548139,1.0,0.9519281648360459,0.78811646
111,./organized_dataset/all_but_dark_brown/train/October152021172150779946.mp42022-01-25-13h40m11s112.png,iris,0.9212993644699912,0.9229174105666865,0.9981006647673314,0.959037806920985,0.8477408
112,./organized_dataset/all_but_dark_brown/train/October182021082924172497.mp42022-01-25-13h41m07s721.png,pupil,0.9585194064706869,0.9749632788438759,0.9827082272032603,0.978820432724707,0.8572698
113,./organized_dataset/all_but_dark_brown/train/October182021082924172497.mp42022-01-25-13h41m07s721.png,iris,0.9077842180667273,0.9126984126984127,0.9941037735849056,0.9516634108511911,0.92897904
114,./organized_dataset/all_but_dark_brown/train/October182021091049438318.mp42022-01-25-13h41m16s761.png,pupil,0.9041158805864689,1.0,0.9041158805864689,0.9496437583494137,0.8474657
115,./organized_dataset/all_but_dark_brown/train/October182021091049438318.mp42022-01-25-13h41m16s761.png,iris,0.9828868081950496,0.9828868081950496,1.0,0.991369556883316,0.9082868
116,./organized_dataset/all_but_dark_brown/train/October182021100358304954.mp42022-01-25-13h41m33s229.png,pupil,0.9668213580839601,0.9870570723206505,0.9792357009076502,0.9831308309828597,0.8117169
117,./organized_dataset/all_but_dark_brown/train/October182021100358304954.mp42022-01-25-13h41m33s229.png,iris,0.9345863158537736,0.9633569739952719,0.9690342045942001,0.9661872496408319,0.88468885
118,./organized_dataset/all_but_dark_brown/train/October182021111331098990.mp42022-01-25-13h42m08s535.png,pupil,0.9032120701835883,0.9967532467532467,0.9058772142683814,0.9491449579725104,0.8760361
119,./organized_dataset/all_but_dark_brown/train/October182021111331098990.mp42022-01-25-13h42m08s535.png,iris,0.913374613003096,0.913374613003096,1.0,0.954726384259409,0.8797425
120,./organized_dataset/all_but_dark_brown/train/October182021130654457663.mp42022-01-25-13h42m20s190.png,pupil,0.9375671481437269,0.991166077738516,0.9454676778620441,0.9677777093216685,0.8655997
121,./organized_dataset/all_but_dark_brown/train/October182021130654457663.mp42022-01-25-13h42m20s190.png,iris,0.9734871590985749,0.9839506172839506,0.9891942898479704,0.986565485982926,0.9324572
122,./organized_dataset/all_but_dark_brown/train/October182021140505066783.mp42022-01-25-13h42m34s404.png,pupil,0.9747407955988151,1.0,0.9747407955988151,0.9872088506717028,0.88584906
123,./organized_dataset/all_but_dark_brown/train/October182021140505066783.mp42022-01-25-13h42m34s404.png,iris,0.9198806628154454,0.9198806628154454,1.0,0.9582685847426256,0.85985386
124,./organized_dataset/all_but_dark_brown/train/October182021171829686582.mp42022-01-25-13h44m05s530.png,pupil,0.9615984129233385,0.9981718464351006,0.9632949383517196,0.9804233186448026,0.900981
125,./organized_dataset/all_but_dark_brown/train/October182021171829686582.mp42022-01-25-13h44m05s530.png,iris,0.9490258775030225,0.9500891548543099,0.9988221436984688,0.9738463593093578,0.9273891
126,./organized_dataset/all_but_dark_brown/train/October182021205345662753.mp42022-01-25-13h44m33s285.png,pupil,0.9294192504718253,0.9940298507462687,0.9346364825382778,0.9634186558930028,0.8433322
127,./organized_dataset/all_but_dark_brown/train/October182021205345662753.mp42022-01-25-13h44m33s285.png,iris,0.9506317424121261,0.9524498730997265,0.9979959919839679,0.9746911441485998,0.8846376
128,./organized_dataset/all_but_dark_brown/train/October192021101056825163.mp42022-01-25-13h46m01s716.png,pupil,0.9619410424380518,0.9850523168908819,0.9761904761904762,0.9806013755058341,0.86505705
129,./organized_dataset/all_but_dark_brown/train/October192021101056825163.mp42022-01-25-13h46m01s716.png,iris,0.9226806339743774,0.9226806339743774,1.0,0.959785642680659,0.9128528
130,./organized_dataset/all_but_dark_brown/train/October192021115027041375.mp42022-01-25-13h46m35s618.png,pupil,0.967741935483871,0.967741935483871,1.0,0.9836065573770492,0.821702
131,./organized_dataset/all_but_dark_brown/train/October192021115027041375.mp42022-01-25-13h46m35s618.png,iris,0.9110896847172908,0.9422586416745408,0.964964964964965,0.9534766390119143,0.91768247
132,./organized_dataset/all_but_dark_brown/train/October192021152439493646.mp42022-01-25-13h47m46s027.png,pupil,0.9612919510963805,0.9725363489499192,0.9881154499151104,0.9802640046108477,0.8880559
133,./organized_dataset/all_but_dark_brown/train/October192021152439493646.mp42022-01-25-13h47m46s027.png,iris,0.9387835960776346,0.9387835960776346,1.0,0.9684253549255251,0.9478891
134,./organized_dataset/all_but_dark_brown/train/October192021163249534337.mp42022-01-25-13h47m52s704.png,pupil,0.9616541874487667,0.9858776718249262,0.9750863291047217,0.9804523076510727,0.88193524
135,./organized_dataset/all_but_dark_brown/train/October192021163249534337.mp42022-01-25-13h47m52s704.png,iris,0.852940506322844,0.852940506322844,1.0,0.9206345302640099,0.9109699
136,./organized_dataset/all_but_dark_brown/train/October192021180039312581.mp42022-01-25-13h49m05s283.png,pupil,0.9568216882023615,0.9626737026710893,0.9936868686868687,0.9779344678884337,0.81251144
137,./organized_dataset/all_but_dark_brown/train/October192021180039312581.mp42022-01-25-13h49m05s283.png,iris,0.9174724500091817,1.0,0.9174724500091817,0.9569602421195553,0.9239711
138,./organized_dataset/all_but_dark_brown/train/October202021092241060644.mp42022-01-25-13h49m20s966.png,pupil,0.9654317254365263,0.9974587039390089,0.9678122519391715,0.9824118670131897,0.777381
139,./organized_dataset/all_but_dark_brown/train/October202021092241060644.mp42022-01-25-13h49m20s966.png,iris,0.9694326447078544,0.9694326447078544,1.0,0.984479106013458,0.8477801
140,./organized_dataset/all_but_dark_brown/train/October202021172258894431.mp42022-01-25-13h52m42s163.png,pupil,0.7766934557979334,0.7766934557979334,1.0,0.8743134087237479,0.75231034
141,./organized_dataset/all_but_dark_brown/train/October202021172258894431.mp42022-01-25-13h52m42s163.png,iris,0.9587349208864842,0.9981447124304267,0.9604464702743917,0.9789327904079843,0.912777
142,./organized_dataset/all_but_dark_brown/train/October212021080658900408.mp42022-01-25-13h52m51s681.png,pupil,0.9751376341050254,0.993920972644377,0.9809883906699329,0.9874123375173092,0.889926
143,./organized_dataset/all_but_dark_brown/train/October212021080658900408.mp42022-01-25-13h52m51s681.png,iris,0.8771625742256459,0.8771625742256459,1.0,0.9345621804626986,0.9349023
144,./organized_dataset/all_but_dark_brown/train/October212021085038591217.mp42022-01-25-13h53m17s461.png,pupil,0.9139878772209534,0.9211124380269967,0.9916083916083916,0.9550613022147595,0.792006
145,./organized_dataset/all_but_dark_brown/train/October212021085038591217.mp42022-01-25-13h53m17s461.png,iris,0.9412225881596915,0.9459183673469388,0.9947534102833159,0.969721446577628,0.8326919
146,./organized_dataset/all_but_dark_brown/train/October212021094113803919.mp42022-01-25-13h54m01s104.png,pupil,0.9666258239138914,0.996996996996997,0.9694483957641853,0.9830297275260584,0.7981277
147,./organized_dataset/all_but_dark_brown/train/October212021094113803919.mp42022-01-25-13h54m01s104.png,iris,0.8288816698527344,0.9022349900728729,0.9106753812636166,0.90643553764687,0.88097066
148,./organized_dataset/all_but_dark_brown/train/October212021102111183553.mp42022-01-25-13h54m34s846.png,pupil,0.9506403122403875,0.9710982658959537,0.978319783197832,0.9746956486801398,0.84121007
149,./organized_dataset/all_but_dark_brown/train/October212021102111183553.mp42022-01-25-13h54m34s846.png,iris,0.9217304923850048,0.9241901292171338,0.9971209213051824,0.9592713401149934,0.9234439
150,./organized_dataset/all_but_dark_brown/train/October212021110958610654.mp42022-01-25-13h54m54s340.png,pupil,0.9621714595854385,0.9745271846112182,0.9869942196531792,0.9807210831501169,0.8738881
151,./organized_dataset/all_but_dark_brown/train/October212021110958610654.mp42022-01-25-13h54m54s340.png,iris,0.9640089539506387,0.9640089539506387,1.0,0.981674703683522,0.8880519
152,./organized_dataset/all_but_dark_brown/train/October212021172243221128.mp42022-01-25-13h55m56s528.png,pupil,0.9761377536466618,0.9858156028368794,0.9900430544113609,0.9879248061987055,0.8468281
153,./organized_dataset/all_but_dark_brown/train/October212021172243221128.mp42022-01-25-13h55m56s528.png,iris,0.967841458389862,0.9690563455747883,0.9987063389391979,0.983657961126375,0.9286337
154,./organized_dataset/all_but_dark_brown/train/October222021132628377661.mp42022-01-25-14h00m04s176.png,pupil,0.9414223923672165,0.9563868915720768,0.9836512261580381,0.9698274791394784,0.8564675
155,./organized_dataset/all_but_dark_brown/train/October222021132628377661.mp42022-01-25-14h00m04s176.png,iris,0.8715067952307849,0.8715067952307849,1.0,0.9313423787203668,0.8725682
156,./organized_dataset/all_but_dark_brown/train/October252021081923808508.mp42022-01-25-14h00m27s999.png,pupil,0.9455653476764054,0.949337029180857,0.99581589958159,0.9720211647536763,0.8715252
157,./organized_dataset/all_but_dark_brown/train/October252021081923808508.mp42022-01-25-14h00m27s999.png,iris,0.9676204031228416,0.971830985915493,0.9955423476968797,0.983543778654781,0.8917604
158,./organized_dataset/all_but_dark_brown/train/October252021083619285817.mp42022-01-25-14h00m49s184.png,pupil,0.9720979138929062,0.9903660886319846,0.9813780260707635,0.9858515716128845,0.8683941
159,./organized_dataset/all_but_dark_brown/train/October252021083619285817.mp42022-01-25-14h00m49s184.png,iris,0.9328178207846257,1.0,0.9328178207846257,0.9652413287517695,0.91451097
160,./organized_dataset/all_but_dark_brown/train/October252021093739719128.mp42022-01-25-14h01m15s131.png,pupil,0.9734020331430163,0.985391813071596,0.9876543209876543,0.986521769811587,0.8764784
161,./organized_dataset/all_but_dark_brown/train/October252021093739719128.mp42022-01-25-14h01m15s131.png,iris,0.9491110959411754,0.9761904761904762,0.9716027783254674,0.9738912244844351,0.90176183
162,./organized_dataset/all_but_dark_brown/train/October252021161054174182.mp42022-01-25-14h02m48s560.png,pupil,0.9422516347593162,0.9618593803405915,0.9788235294117648,0.9702673102664989,0.7515413
163,./organized_dataset/all_but_dark_brown/train/October252021161054174182.mp42022-01-25-14h02m48s560.png,iris,0.9395032138577187,0.9980787704130644,0.9412053610407753,0.96880810214181,0.88095707
164,./organized_dataset/all_but_dark_brown/train/Video9_frame001510.png,iris,0.6685596282911719,1.0,0.6685596282911719,0.8013613861386139,0.8107182
165,./organized_dataset/all_but_dark_brown/train/Video9_frame001510.png,pupil,0.6022161554520636,0.6022161554520636,1.0,0.7517289766462866,0.67713505
