./cataract-101/dark/case_270.mp400102.png,pupil,0.06978428043543393,0.14982578397212543,0.11553406084656084,0.3303115
./cataract-101/dark/case_270.mp400102.png,iris,0.045518826232985685,0.1895734597156398,0.05651655029561448,0.3303769
./cataract-101/dark/case_271.mp400103.png,pupil,0.0268163017104875,0.06273062730627306,0.04474358330403335,0.1588449
./cataract-101/dark/case_760.mp400019.png,pupil,0.46677650230547857,0.46677650230547857,1.0,0.7120333
./cataract-101/dark/case_760.mp400019.png,iris,0.4795832375699073,1.0,0.4795832375699073,0.73045015
./cataract-101/dark/case_770.mp400022.png,pupil,0.04085670475342534,0.09560185185185185,0.06659679109892767,0.56903255
./cataract-101/dark/case_770.mp400022.png,iris,0.016082103369835475,0.07239819004524888,0.02025586353944563,0.38833228
./cataract-101/dark/case_771.mp400023.png,pupil,0.05979687321693484,0.15810276679841898,0.08773251628241834,0.47323868
./cataract-101/dark/case_771.mp400023.png,iris,0.029852925837071033,0.1323529411764706,0.03711677128183846,0.36443794
./cataract-101/dark/case_778.mp400024.png,pupil,0.5345648063563553,0.5345648063563553,1.0,0.72313434
./cataract-101/dark/case_778.mp400024.png,iris,0.5151869158878505,1.0,0.5151869158878505,0.7475315
./cataract-101/dark/case_802.mp400033.png,pupil,0.5458753959316989,0.5458753959316989,1.0,0.7633302
./cataract-101/dark/case_802.mp400033.png,iris,0.5382914447662649,1.0,0.5382914447662649,0.6806195
./cataract-101/dark/case_804.mp400034.png,pupil,0.6164703331186101,0.6164703331186101,1.0,0.8972489
./cataract-101/dark/case_804.mp400034.png,iris,0.5765987828511202,1.0,0.5765987828511202,0.69121075
./cataract-101/dark/case_806.mp400035.png,pupil,0.4947958048625457,0.4947958048625457,1.0,0.6390041
./cataract-101/dark/case_806.mp400035.png,iris,0.5053027992210047,1.0,0.5053027992210047,0.6451608
./cataract-101/dark/case_807.mp400036.png,pupil,0.6434662253648262,0.6434662253648262,1.0,0.6901697
./cataract-101/dark/case_807.mp400036.png,iris,0.5913539783001809,1.0,0.5913539783001809,0.59259534
./cataract-101/dark/case_808.mp400037.png,pupil,0.41594289347588115,0.41594289347588115,1.0,0.20620182
./cataract-101/dark/case_808.mp400037.png,iris,0.5330950962874726,1.0,0.5330950962874726,0.47445825
./cataract-101/dark/case_809.mp400038.png,pupil,0.553669297209967,0.553669297209967,1.0,0.33460706
./cataract-101/dark/case_809.mp400038.png,iris,0.5120969062039614,1.0,0.5120969062039614,0.508042
./cataract-101/dark/case_810.mp400039.png,pupil,0.35300813795776015,0.35300813795776015,1.0,0.057884675
./cataract-101/dark/case_810.mp400039.png,iris,0.3939777212257897,1.0,0.3939777212257897,0.22137058
./cataract-101/dark/case_817.mp400040.png,pupil,0.5225097778147624,0.5225097778147624,1.0,0.7751488
./cataract-101/dark/case_817.mp400040.png,iris,0.5993266670690569,0.9902597402597403,0.602880658436214,0.63482827
./cataract-101/dark/case_847.mp400053.png,pupil,0.5934706033247618,0.5934706033247618,1.0,0.42504615
./cataract-101/dark/case_847.mp400053.png,iris,0.5917018035718228,1.0,0.5917018035718228,0.4967557
./cataract-101/dark/case_849.mp400054.png,pupil,0.4051908927640345,0.4051908927640345,1.0,0.54026043
./cataract-101/dark/case_849.mp400054.png,iris,0.40271262075616654,1.0,0.40271262075616654,0.48738346
./cataract-101/dark/case_850.mp400055.png,pupil,0.486407282703579,0.486407282703579,1.0,0.21028537
./cataract-101/dark/case_850.mp400055.png,iris,0.5235498089920658,1.0,0.5235498089920658,0.4543551
./cataract-101/dark/case_853.mp400056.png,pupil,0.42855719410123555,0.42855719410123555,1.0,0.1493849
./cataract-101/dark/case_853.mp400056.png,iris,0.6041963649322879,1.0,0.6041963649322879,0.46407494
./cataract-101/dark/case_857.mp400060.png,pupil,0.29044683032408725,0.29044683032408725,1.0,0.4853808
./cataract-101/dark/case_857.mp400060.png,iris,0.4104813315339631,1.0,0.4104813315339631,0.38048053
./cataract-101/dark/case_861.mp400061.png,pupil,0.342821982577156,0.342821982577156,1.0,0.5451957
./cataract-101/dark/case_861.mp400061.png,iris,0.4962240624852962,1.0,0.4962240624852962,0.55950284
./cataract-101/dark/case_880.mp400068.png,pupil,0.5128552831416793,0.5128552831416793,1.0,0.80592406
./cataract-101/dark/case_880.mp400068.png,iris,0.5167972652535539,1.0,0.5167972652535539,0.49844298
./cataract-101/dark/case_886.mp400072.png,pupil,0.4298213634706526,0.4298213634706526,1.0,0.5668192
./cataract-101/dark/case_886.mp400072.png,iris,0.503847046432333,1.0,0.503847046432333,0.49677482
./cataract-101/dark/case_889.mp400074.png,pupil,0.5934686805529399,0.5934686805529399,1.0,0.20529886
./cataract-101/dark/case_889.mp400074.png,iris,0.7036102653327534,1.0,0.7036102653327534,0.47734734
./cataract-101/dark/case_890.mp400075.png,pupil,0.55755842159315,0.55755842159315,1.0,0.80885303
./cataract-101/dark/case_890.mp400075.png,iris,0.51377352700491,1.0,0.51377352700491,0.7262563
./cataract-101/dark/case_892.mp400077.png,pupil,0.5142767273616887,0.5142767273616887,1.0,0.43839294
./cataract-101/dark/case_892.mp400077.png,iris,0.6575190682333539,1.0,0.6575190682333539,0.5571858
./cataract-101/dark/case_896.mp400079.png,pupil,0.35792852389713076,0.35792852389713076,1.0,0.5106199
./cataract-101/dark/case_896.mp400079.png,iris,0.5498166945157992,1.0,0.5498166945157992,0.3545365
./cataract-101/dark/case_907.mp400087.png,pupil,0.5353567931133564,0.5353567931133564,1.0,0.6599893
./cataract-101/dark/case_907.mp400087.png,iris,0.5123143429375955,1.0,0.5123143429375955,0.6723657
./cataract-101/dark/case_908.mp400088.png,pupil,0.6750276540404795,0.6750276540404795,1.0,0.7925277
./cataract-101/dark/case_908.mp400088.png,iris,0.4300146183564791,1.0,0.4300146183564791,0.72647005
./cataract-101/dark/case_911.mp400090.png,pupil,0.4951758652546054,0.4951758652546054,1.0,0.6884643
./cataract-101/dark/case_911.mp400090.png,iris,0.4774255384733942,1.0,0.4774255384733942,0.47322437
./cataract-101/dark/case_922.mp400092.png,iris,0.002096205404967196,0.011560693641618497,0.002553936024608091,0.45710823
./cataract-101/dark/case_934.mp400100.png,pupil,0.5092250922509225,0.5092250922509225,1.0,0.45675778
./cataract-101/dark/case_934.mp400100.png,iris,0.0049220951152449165,0.025,0.0060914132078642245,0.58395785
./cataract-101/dark/case_270.mp400102.png,pupil,0.01189153305528697,0.037914691943127965,0.01703042328042328,0.3303115
./cataract-101/dark/case_270.mp400102.png,iris,0.09705451975432763,0.2613240418118467,0.13374669062675756,0.3303769
./cataract-101/dark/case_271.mp400103.png,iris,0.03316321364197906,0.09225092250922509,0.04922739297739298,0.1741619
./cataract-101/dark/case_295.mp400008.png,iris,0.027339758636878295,0.08148148148148149,0.03951938046385374,0.47460902
./cataract-101/dark/case_760.mp400019.png,pupil,0.8611546940477846,0.865814696485623,0.9937888198757764,0.7120333
./cataract-101/dark/case_760.mp400019.png,iris,0.8951294721519957,1.0,0.8951294721519957,0.73045015
./cataract-101/dark/case_770.mp400022.png,pupil,0.02088628034653674,0.06440927493559072,0.02998266548415706,0.56903255
./cataract-101/dark/case_770.mp400022.png,iris,0.04572081725960851,0.14814814814814814,0.062027524714091876,0.38833228
./cataract-101/dark/case_771.mp400023.png,pupil,0.014541373074764607,0.05392156862745098,0.019522159157499958,0.47323868
./cataract-101/dark/case_771.mp400023.png,iris,0.07128212602633241,0.22134387351778656,0.09513928515847901,0.36443794
./cataract-101/dark/case_778.mp400024.png,pupil,0.8701263415296835,0.9077380952380952,0.9545454545454546,0.72313434
./cataract-101/dark/case_778.mp400024.png,iris,0.9164914330218068,1.0,0.9164914330218068,0.7475315
./cataract-101/dark/case_802.mp400033.png,pupil,0.8560153466703206,0.9036102753992131,0.9420351046504615,0.7633302
./cataract-101/dark/case_802.mp400033.png,iris,0.8991695745741486,0.9739952718676123,0.9212868666106077,0.6806195
./cataract-101/dark/case_804.mp400034.png,pupil,0.9498805978949851,0.9498805978949851,1.0,0.8972489
./cataract-101/dark/case_804.mp400034.png,iris,0.8262015529362771,0.9616368286445013,0.8543614501524269,0.69121075
./cataract-101/dark/case_806.mp400035.png,pupil,0.8273433595347358,0.8455341180840937,0.9746554262009902,0.6390041
./cataract-101/dark/case_806.mp400035.png,iris,0.8859428893216641,1.0,0.8859428893216641,0.6451608
./cataract-101/dark/case_807.mp400036.png,pupil,0.9209900306887723,0.9693251533742331,0.9486383360766123,0.6901697
./cataract-101/dark/case_807.mp400036.png,iris,0.9069941923472365,0.9820971867007673,0.9222423146473779,0.59259534
./cataract-101/dark/case_808.mp400037.png,pupil,0.787712895377129,0.787712895377129,1.0,0.20620182
./cataract-101/dark/case_808.mp400037.png,iris,0.9083310814632337,0.947449150153713,0.9565217391304348,0.47445825
./cataract-101/dark/case_809.mp400038.png,pupil,0.9068633071030278,0.9270873289860632,0.9765100671140939,0.33460706
./cataract-101/dark/case_809.mp400038.png,iris,0.8569270608545533,0.987012987012987,0.8666994052490861,0.508042
./cataract-101/dark/case_810.mp400039.png,pupil,0.7516567391248292,0.7516567391248292,1.0,0.057884675
./cataract-101/dark/case_810.mp400039.png,iris,0.8388928678461312,1.0,0.8388928678461312,0.22137058
./cataract-101/dark/case_817.mp400040.png,pupil,0.8294022117392313,0.8319112627986348,0.9963768115942029,0.7751488
./cataract-101/dark/case_817.mp400040.png,iris,0.8374279000213629,0.9242462067626418,0.8991432233690886,0.63482827
./cataract-101/dark/case_847.mp400053.png,pupil,0.8847258753520996,0.8847258753520996,1.0,0.42504615
./cataract-101/dark/case_847.mp400053.png,iris,0.8319813915509906,0.9689922480620154,0.8547374114218856,0.4967557
./cataract-101/dark/case_849.mp400054.png,pupil,0.7704072882091224,0.7748789917501294,0.9925650557620818,0.54026043
./cataract-101/dark/case_849.mp400054.png,iris,0.7759084296385896,1.0,0.7759084296385896,0.48738346
./cataract-101/dark/case_850.mp400055.png,pupil,0.87571001998159,0.87571001998159,1.0,0.21028537
./cataract-101/dark/case_850.mp400055.png,iris,0.9291108802483979,0.9925925925925926,0.9355980017631501,0.4543551
./cataract-101/dark/case_853.mp400056.png,pupil,0.7927818329278183,0.7927818329278183,1.0,0.1493849
./cataract-101/dark/case_853.mp400056.png,iris,0.8946990833001196,0.8946990833001196,1.0,0.46407494
./cataract-101/dark/case_857.mp400060.png,pupil,0.8279046169457128,0.8279046169457128,1.0,0.4853808
./cataract-101/dark/case_857.mp400060.png,iris,0.7767849834938477,0.8108304380019365,0.9487179487179487,0.38048053
./cataract-101/dark/case_861.mp400061.png,pupil,0.7528268341827664,0.7528268341827664,1.0,0.5451957
./cataract-101/dark/case_861.mp400061.png,iris,0.9094241062791547,0.913360752183253,0.9952830188679245,0.55950284
./cataract-101/dark/case_880.mp400068.png,pupil,0.8808664259927798,0.8808664259927798,1.0,0.80592406
./cataract-101/dark/case_880.mp400068.png,iris,0.8366897585599091,0.96875,0.8598984099471587,0.49844298
./cataract-101/dark/case_886.mp400072.png,pupil,0.8566856824822596,0.8725907029478458,0.9791666666666666,0.5668192
./cataract-101/dark/case_886.mp400072.png,iris,0.9394628705606105,0.9480894549763034,0.9904076738609112,0.49677482
./cataract-101/dark/case_889.mp400074.png,pupil,0.8348876642645189,0.8348876642645189,1.0,0.20529886
./cataract-101/dark/case_889.mp400074.png,iris,0.9014209116873401,0.9530239682599471,0.9433356117566644,0.47734734
./cataract-101/dark/case_890.mp400075.png,pupil,0.8809492996724837,0.8809492996724837,1.0,0.80885303
./cataract-101/dark/case_890.mp400075.png,iris,0.7740500908967983,0.9738087287436128,0.79050736497545,0.7262563
./cataract-101/dark/case_892.mp400077.png,pupil,0.8406660349262217,0.8517850844535015,0.9847094801223242,0.43839294
./cataract-101/dark/case_892.mp400077.png,iris,0.87004473325935,0.8859376274187724,0.9797979797979798,0.5571858
./cataract-101/dark/case_896.mp400079.png,pupil,0.7258459584505126,0.7258459584505126,1.0,0.5106199
./cataract-101/dark/case_896.mp400079.png,iris,0.8841097305613721,0.890101717282991,0.9924433249370277,0.3545365
./cataract-101/dark/case_907.mp400087.png,pupil,0.8782012930618547,0.8806487197847922,0.9968454258675079,0.6599893
./cataract-101/dark/case_907.mp400087.png,iris,0.845411370441611,1.0,0.845411370441611,0.6723657
./cataract-101/dark/case_908.mp400088.png,pupil,0.8754860711280393,1.0,0.8754860711280393,0.7925277
./cataract-101/dark/case_908.mp400088.png,iris,0.7276330444467648,1.0,0.7276330444467648,0.72647005
./cataract-101/dark/case_911.mp400090.png,pupil,0.8116064511585322,0.8138007566204287,0.9966887417218543,0.6884643
./cataract-101/dark/case_911.mp400090.png,iris,0.7617541910581265,0.9816272965879265,0.7727719338804763,0.47322437
./cataract-101/dark/case_922.mp400092.png,iris,0.049714658574225024,0.15748031496062992,0.06772869015535268,0.45710823
./cataract-101/dark/case_934.mp400100.png,pupil,0.7807984834824422,0.8318965517241379,0.9270696091348265,0.45675778
./cataract-101/dark/case_934.mp400100.png,iris,0.04518246765784901,0.14391143911439114,0.06179033535780301,0.58395785
./cataract-101/dark/case_270.mp400102.png,pupil,0.06978428043543393,0.14982578397212543,0.11553406084656084,0.3303115
./cataract-101/dark/case_270.mp400102.png,iris,0.045518826232985685,0.1895734597156398,0.05651655029561448,0.3303769
./cataract-101/dark/case_271.mp400103.png,pupil,0.0268163017104875,0.06273062730627306,0.04474358330403335,0.1588449
./cataract-101/dark/case_760.mp400019.png,pupil,0.46677650230547857,0.46677650230547857,1.0,0.7120333
./cataract-101/dark/case_760.mp400019.png,iris,0.4795832375699073,1.0,0.4795832375699073,0.73045015
./cataract-101/dark/case_770.mp400022.png,pupil,0.04085670475342534,0.09560185185185185,0.06659679109892767,0.56903255
./cataract-101/dark/case_770.mp400022.png,iris,0.016082103369835475,0.07239819004524888,0.02025586353944563,0.38833228
./cataract-101/dark/case_771.mp400023.png,pupil,0.05979687321693484,0.15810276679841898,0.08773251628241834,0.47323868
./cataract-101/dark/case_771.mp400023.png,iris,0.029852925837071033,0.1323529411764706,0.03711677128183846,0.36443794
./cataract-101/dark/case_778.mp400024.png,pupil,0.5345648063563553,0.5345648063563553,1.0,0.72313434
./cataract-101/dark/case_778.mp400024.png,iris,0.5151869158878505,1.0,0.5151869158878505,0.7475315
./cataract-101/dark/case_802.mp400033.png,pupil,0.5458753959316989,0.5458753959316989,1.0,0.7633302
./cataract-101/dark/case_802.mp400033.png,iris,0.5382914447662649,1.0,0.5382914447662649,0.6806195
./cataract-101/dark/case_804.mp400034.png,pupil,0.6164703331186101,0.6164703331186101,1.0,0.8972489
./cataract-101/dark/case_804.mp400034.png,iris,0.5765987828511202,1.0,0.5765987828511202,0.69121075
./cataract-101/dark/case_806.mp400035.png,pupil,0.4947958048625457,0.4947958048625457,1.0,0.6390041
./cataract-101/dark/case_806.mp400035.png,iris,0.5053027992210047,1.0,0.5053027992210047,0.6451608
./cataract-101/dark/case_807.mp400036.png,pupil,0.6434662253648262,0.6434662253648262,1.0,0.6901697
./cataract-101/dark/case_807.mp400036.png,iris,0.5913539783001809,1.0,0.5913539783001809,0.59259534
./cataract-101/dark/case_808.mp400037.png,pupil,0.41594289347588115,0.41594289347588115,1.0,0.20620182
./cataract-101/dark/case_808.mp400037.png,iris,0.5330950962874726,1.0,0.5330950962874726,0.47445825
./cataract-101/dark/case_809.mp400038.png,pupil,0.553669297209967,0.553669297209967,1.0,0.33460706
./cataract-101/dark/case_809.mp400038.png,iris,0.5120969062039614,1.0,0.5120969062039614,0.508042
./cataract-101/dark/case_810.mp400039.png,pupil,0.35300813795776015,0.35300813795776015,1.0,0.057884675
./cataract-101/dark/case_810.mp400039.png,iris,0.3939777212257897,1.0,0.3939777212257897,0.22137058
./cataract-101/dark/case_817.mp400040.png,pupil,0.5225097778147624,0.5225097778147624,1.0,0.7751488
./cataract-101/dark/case_817.mp400040.png,iris,0.5993266670690569,0.9902597402597403,0.602880658436214,0.63482827
./cataract-101/dark/case_847.mp400053.png,pupil,0.5934706033247618,0.5934706033247618,1.0,0.42504615
./cataract-101/dark/case_847.mp400053.png,iris,0.5917018035718228,1.0,0.5917018035718228,0.4967557
./cataract-101/dark/case_849.mp400054.png,pupil,0.4051908927640345,0.4051908927640345,1.0,0.54026043
./cataract-101/dark/case_849.mp400054.png,iris,0.40271262075616654,1.0,0.40271262075616654,0.48738346
./cataract-101/dark/case_850.mp400055.png,pupil,0.486407282703579,0.486407282703579,1.0,0.21028537
./cataract-101/dark/case_850.mp400055.png,iris,0.5235498089920658,1.0,0.5235498089920658,0.4543551
./cataract-101/dark/case_853.mp400056.png,pupil,0.42855719410123555,0.42855719410123555,1.0,0.1493849
./cataract-101/dark/case_853.mp400056.png,iris,0.6041963649322879,1.0,0.6041963649322879,0.46407494
./cataract-101/dark/case_857.mp400060.png,pupil,0.29044683032408725,0.29044683032408725,1.0,0.4853808
./cataract-101/dark/case_857.mp400060.png,iris,0.4104813315339631,1.0,0.4104813315339631,0.38048053
./cataract-101/dark/case_861.mp400061.png,pupil,0.342821982577156,0.342821982577156,1.0,0.5451957
./cataract-101/dark/case_861.mp400061.png,iris,0.4962240624852962,1.0,0.4962240624852962,0.55950284
./cataract-101/dark/case_880.mp400068.png,pupil,0.5128552831416793,0.5128552831416793,1.0,0.80592406
./cataract-101/dark/case_880.mp400068.png,iris,0.5167972652535539,1.0,0.5167972652535539,0.49844298
./cataract-101/dark/case_886.mp400072.png,pupil,0.4298213634706526,0.4298213634706526,1.0,0.5668192
./cataract-101/dark/case_886.mp400072.png,iris,0.503847046432333,1.0,0.503847046432333,0.49677482
./cataract-101/dark/case_889.mp400074.png,pupil,0.5934686805529399,0.5934686805529399,1.0,0.20529886
./cataract-101/dark/case_889.mp400074.png,iris,0.7036102653327534,1.0,0.7036102653327534,0.47734734
./cataract-101/dark/case_890.mp400075.png,pupil,0.55755842159315,0.55755842159315,1.0,0.80885303
./cataract-101/dark/case_890.mp400075.png,iris,0.51377352700491,1.0,0.51377352700491,0.7262563
./cataract-101/dark/case_892.mp400077.png,pupil,0.5142767273616887,0.5142767273616887,1.0,0.43839294
./cataract-101/dark/case_892.mp400077.png,iris,0.6575190682333539,1.0,0.6575190682333539,0.5571858
./cataract-101/dark/case_896.mp400079.png,pupil,0.35792852389713076,0.35792852389713076,1.0,0.5106199
./cataract-101/dark/case_896.mp400079.png,iris,0.5498166945157992,1.0,0.5498166945157992,0.3545365
./cataract-101/dark/case_907.mp400087.png,pupil,0.5353567931133564,0.5353567931133564,1.0,0.6599893
./cataract-101/dark/case_907.mp400087.png,iris,0.5123143429375955,1.0,0.5123143429375955,0.6723657
./cataract-101/dark/case_908.mp400088.png,pupil,0.6750276540404795,0.6750276540404795,1.0,0.7925277
./cataract-101/dark/case_908.mp400088.png,iris,0.4300146183564791,1.0,0.4300146183564791,0.72647005
./cataract-101/dark/case_911.mp400090.png,pupil,0.4951758652546054,0.4951758652546054,1.0,0.6884643
./cataract-101/dark/case_911.mp400090.png,iris,0.4774255384733942,1.0,0.4774255384733942,0.47322437
./cataract-101/dark/case_922.mp400092.png,iris,0.002096205404967196,0.011560693641618497,0.002553936024608091,0.45710823
./cataract-101/dark/case_934.mp400100.png,pupil,0.5092250922509225,0.5092250922509225,1.0,0.45675778
./cataract-101/dark/case_934.mp400100.png,iris,0.0049220951152449165,0.025,0.0060914132078642245,0.58395785
./cataract-101/light/case_269.mp400101.png,pupil,0.4868622393214707,0.4868622393214707,1.0,0.7210979
./cataract-101/light/case_269.mp400101.png,iris,0.5107697588603793,1.0,0.5107697588603793,0.47845358
./cataract-101/light/case_278.mp400105.png,pupil,0.5947889945173784,0.5947889945173784,1.0,0.7941237
./cataract-101/light/case_278.mp400105.png,iris,0.5875017898906973,1.0,0.5875017898906973,0.4152972
./cataract-101/light/case_279.mp400003.png,pupil,0.8465767116441779,0.9808917197452229,0.8607723577235772,0.33355346
./cataract-101/light/case_279.mp400003.png,iris,0.04436203957120236,0.14396887159533073,0.06025603144390465,0.46685046
./cataract-101/light/case_280.mp400004.png,iris,0.007653579219751441,0.03365384615384615,0.009809351581841355,0.45674917
./cataract-101/light/case_288.mp400005.png,pupil,0.4268804433887569,0.4268804433887569,1.0,0.8463345
./cataract-101/light/case_288.mp400005.png,iris,0.4419000430848772,1.0,0.4419000430848772,0.69706887
./cataract-101/light/case_292.mp400006.png,iris,0.04637067733321514,0.11450381679389313,0.0722960250142519,0.35633934
./cataract-101/light/case_294.mp400007.png,pupil,0.49429657794676807,0.49429657794676807,1.0,0.7294189
./cataract-101/light/case_294.mp400007.png,iris,0.5000542652485348,1.0,0.5000542652485348,0.48245606
./cataract-101/light/case_350.mp400009.png,pupil,0.4817548175481755,0.4817548175481755,1.0,0.6438817
./cataract-101/light/case_350.mp400009.png,iris,0.019455150063705042,0.12269938650306748,0.022598731277749463,0.6346585
./cataract-101/light/case_354.mp400010.png,pupil,0.4598922902494331,0.4598922902494331,1.0,0.7973286
./cataract-101/light/case_354.mp400010.png,iris,0.48485985985985985,1.0,0.48485985985985985,0.64798474
./cataract-101/light/case_356.mp400011.png,pupil,0.4797255627505396,0.4797255627505396,1.0,0.86579734
./cataract-101/light/case_356.mp400011.png,iris,0.45385480661071215,1.0,0.45385480661071215,0.736305
./cataract-101/light/case_734.mp400012.png,pupil,0.7212949445389281,0.7212949445389281,1.0,0.8104996
./cataract-101/light/case_734.mp400012.png,iris,0.45016061799686413,1.0,0.45016061799686413,0.49084416
./cataract-101/light/case_738.mp400013.png,pupil,0.3973791200813126,0.3973791200813126,1.0,0.7933004
./cataract-101/light/case_738.mp400013.png,iris,0.4045415045150565,1.0,0.4045415045150565,0.7291672
./cataract-101/light/case_739.mp400014.png,pupil,0.820215410107705,0.820215410107705,1.0,0.31264478
./cataract-101/light/case_739.mp400014.png,iris,0.7118728317713457,0.7118728317713457,1.0,0.39562806
./cataract-101/light/case_745.mp400015.png,iris,0.5647096318892708,1.0,0.5647096318892708,0.1471057
./cataract-101/light/case_749.mp400016.png,pupil,0.7836933923890446,0.7836933923890446,1.0,0.55362266
./cataract-101/light/case_749.mp400016.png,iris,0.6892941176470588,0.949748743718593,0.7153846153846154,0.6520039
./cataract-101/light/case_750.mp400017.png,pupil,0.4426716978036626,0.4426716978036626,1.0,0.84071094
./cataract-101/light/case_750.mp400017.png,iris,0.6515217849556517,1.0,0.6515217849556517,0.68794566
./cataract-101/light/case_751.mp400018.png,pupil,0.5473792407157367,0.5473792407157367,1.0,0.86583495
./cataract-101/light/case_751.mp400018.png,iris,0.5088504375497216,1.0,0.5088504375497216,0.7443679
./cataract-101/light/case_764.mp400020.png,pupil,0.5405394870195681,0.5405394870195681,1.0,0.84535575
./cataract-101/light/case_764.mp400020.png,iris,0.5933802113935167,1.0,0.5933802113935167,0.7793511
./cataract-101/light/case_768.mp400021.png,iris,0.10713866971222115,0.35555555555555557,0.13295754002683724,0.6108719
./cataract-101/light/case_781.mp400025.png,pupil,0.7700001222688202,0.7700001222688202,1.0,0.44230825
./cataract-101/light/case_781.mp400025.png,iris,0.8948474527139648,0.8989516598718695,0.9949238578680203,0.56350744
./cataract-101/light/case_784.mp400026.png,pupil,0.3449689054726368,0.3449689054726368,1.0,0.63943326
./cataract-101/light/case_784.mp400026.png,iris,0.3201515900477838,1.0,0.3201515900477838,0.26104096
./cataract-101/light/case_785.mp400027.png,pupil,0.5373067299672805,0.5373067299672805,1.0,0.8386018
./cataract-101/light/case_785.mp400027.png,iris,0.5268561665113389,1.0,0.5268561665113389,0.7263537
./cataract-101/light/case_786.mp400028.png,pupil,0.5567179201644681,0.5567179201644681,1.0,0.86041903
./cataract-101/light/case_786.mp400028.png,iris,0.608767576509512,1.0,0.608767576509512,0.758206
./cataract-101/light/case_788.mp400029.png,pupil,0.37565306122448977,0.37565306122448977,1.0,0.85762936
./cataract-101/light/case_788.mp400029.png,iris,0.48116959064327486,1.0,0.48116959064327486,0.5705717
./cataract-101/light/case_796.mp400106.png,pupil,0.9015308894499664,0.9618768328445748,0.934937522786782,0.54462236
./cataract-101/light/case_796.mp400106.png,iris,0.6193738630923887,0.9625935162094763,0.6346491916496625,0.6029026
./cataract-101/light/case_797.mp400030.png,pupil,0.584299248079481,0.584299248079481,1.0,0.7395858
./cataract-101/light/case_797.mp400030.png,iris,0.6907733993233931,1.0,0.6907733993233931,0.59295243
./cataract-101/light/case_799.mp400031.png,pupil,0.8508744814121858,0.8613142292490119,0.9859550561797753,0.28936082
./cataract-101/light/case_799.mp400031.png,iris,0.8784659858709225,0.8966251724077727,0.9774647887323944,0.4956318
./cataract-101/light/case_801.mp400032.png,pupil,0.8229009837688452,0.8277664827185593,0.9929078014184397,0.7709391
./cataract-101/light/case_801.mp400032.png,iris,0.8750207784189404,0.9947089947089947,0.8791124895622092,0.7801257
./cataract-101/light/case_821.mp400041.png,pupil,0.7556851311953353,0.7556851311953353,1.0,0.07551498
./cataract-101/light/case_821.mp400041.png,iris,0.9198765598954813,0.9489032437958919,0.967816091954023,0.24896865
./cataract-101/light/case_825.mp400042.png,pupil,0.778526721232547,0.778526721232547,1.0,0.7708202
./cataract-101/light/case_825.mp400042.png,iris,0.7692354897701191,0.944558521560575,0.8056093806737298,0.59614915
./cataract-101/light/case_827.mp400043.png,pupil,0.5761480760745359,0.5761480760745359,1.0,0.7442159
./cataract-101/light/case_827.mp400043.png,iris,0.8094397092323837,0.9936842105263158,0.8136256046104765,0.55313486
./cataract-101/light/case_828.mp400044.png,pupil,0.6837791115513859,0.6837791115513859,1.0,0.27926952
./cataract-101/light/case_828.mp400044.png,iris,0.6630861885351254,0.6630861885351254,1.0,0.6052502
./cataract-101/light/case_829.mp400045.png,pupil,0.7748135805803378,0.7886730034479545,0.9778225806451613,0.5732463
./cataract-101/light/case_829.mp400045.png,iris,0.707436607713616,0.707436607713616,1.0,0.6736144
./cataract-101/light/case_830.mp400046.png,pupil,0.6985218414472717,0.6985218414472717,1.0,0.6024134
./cataract-101/light/case_830.mp400046.png,iris,0.8650104489442964,0.9758551307847082,0.8839285714285714,0.5255339
./cataract-101/light/case_834.mp400047.png,pupil,0.46932277660939037,0.46932277660939037,1.0,0.78220445
./cataract-101/light/case_834.mp400047.png,iris,0.5894999245798302,1.0,0.5894999245798302,0.5723987
./cataract-101/light/case_835.mp400048.png,pupil,0.5667302613265257,0.5667302613265257,1.0,0.5768467
./cataract-101/light/case_835.mp400048.png,iris,0.6182976501305483,1.0,0.6182976501305483,0.54472804
./cataract-101/light/case_840.mp400049.png,pupil,0.8077738515901061,0.8077738515901061,1.0,0.2866212
./cataract-101/light/case_840.mp400049.png,iris,0.9072703978577776,0.9584572989318636,0.944408400615148,0.39584452
./cataract-101/light/case_841.mp400050.png,pupil,0.41988532292745084,0.41988532292745084,1.0,0.66944563
./cataract-101/light/case_841.mp400050.png,iris,0.4655785064278492,1.0,0.4655785064278492,0.54081583
./cataract-101/light/case_845.mp400051.png,pupil,0.3150277813671017,0.3150277813671017,1.0,0.64088464
./cataract-101/light/case_845.mp400051.png,iris,0.6708076566504881,0.9920318725099602,0.6744415567325723,0.35552788
./cataract-101/light/case_846.mp400052.png,pupil,0.6206993006993007,0.6206993006993007,1.0,0.6869651
./cataract-101/light/case_846.mp400052.png,iris,0.6333333333333333,1.0,0.6333333333333333,0.62321097
./cataract-101/light/case_855.mp400057.png,pupil,0.4577963917525773,0.4577963917525773,1.0,0.81187695
./cataract-101/light/case_855.mp400057.png,iris,0.6057127854373116,1.0,0.6057127854373116,0.6531314
./cataract-101/light/case_856.mp400058.png,pupil,0.5093032957863997,0.5093032957863997,1.0,0.6768527
./cataract-101/light/case_856.mp400058.png,iris,0.539945836154367,1.0,0.539945836154367,0.65258807
./cataract-101/light/case_863.mp400062.png,pupil,0.8366470662887601,0.8366470662887601,1.0,0.13796881
./cataract-101/light/case_863.mp400062.png,iris,0.932192090664508,0.9893617021276596,0.9416305916305916,0.36353472
./cataract-101/light/case_865.mp400063.png,pupil,0.2773805538284949,0.2773805538284949,1.0,0.2097943
./cataract-101/light/case_865.mp400063.png,iris,0.3756425263372182,1.0,0.3756425263372182,0.14440674
./cataract-101/light/case_866.mp400064.png,pupil,0.5688693817579022,0.5688693817579022,1.0,0.7271166
./cataract-101/light/case_866.mp400064.png,iris,0.6371788847117794,1.0,0.6371788847117794,0.61497015
./cataract-101/light/case_867.mp400065.png,pupil,0.37523951458377686,0.37523951458377686,1.0,0.7764474
./cataract-101/light/case_867.mp400065.png,iris,0.46139933365064256,1.0,0.46139933365064256,0.39368418
./cataract-101/light/case_868.mp400066.png,pupil,0.5914261931187569,0.5914261931187569,1.0,0.7202384
./cataract-101/light/case_868.mp400066.png,iris,0.6424152195931516,0.9469026548672567,0.6664219254383189,0.54109514
./cataract-101/light/case_871.mp400067.png,pupil,0.4624813153961136,0.4624813153961136,1.0,0.6632213
./cataract-101/light/case_871.mp400067.png,iris,0.6162016201620162,1.0,0.6162016201620162,0.6068325
./cataract-101/light/case_882.mp400069.png,pupil,0.8158070880011273,0.8158070880011273,1.0,0.16418043
./cataract-101/light/case_882.mp400069.png,iris,0.9204509368053351,0.9689119170984456,0.9484620418848168,0.47152326
./cataract-101/light/case_883.mp400070.png,pupil,0.47589383813642183,0.47589383813642183,1.0,0.8545852
./cataract-101/light/case_883.mp400070.png,iris,0.4302077053762262,1.0,0.4302077053762262,0.76167303
./cataract-101/light/case_884.mp400071.png,pupil,0.7643607134863716,0.7956000324122843,0.9511400651465798,0.24214804
./cataract-101/light/case_884.mp400071.png,iris,0.8962831585441086,0.9276295912026771,0.9636674819521844,0.32706618
./cataract-101/light/case_887.mp400073.png,pupil,0.3658270055199081,0.3658270055199081,1.0,0.69302136
./cataract-101/light/case_887.mp400073.png,iris,0.4893914981403123,1.0,0.4893914981403123,0.5304863
./cataract-101/light/case_891.mp400076.png,pupil,0.7162697725935412,0.7162697725935412,1.0,0.17309484
./cataract-101/light/case_891.mp400076.png,iris,0.8755865857845943,0.9400745861962109,0.9273460352597043,0.29526737
./cataract-101/light/case_895.mp400078.png,pupil,0.552274972944996,0.552274972944996,1.0,0.70238376
./cataract-101/light/case_895.mp400078.png,iris,0.5594296669063025,1.0,0.5594296669063025,0.6553075
./cataract-101/light/case_898.mp400080.png,pupil,0.4210655622630914,0.4210655622630914,1.0,0.8447544
./cataract-101/light/case_898.mp400080.png,iris,0.43008363360225876,1.0,0.43008363360225876,0.6900905
./cataract-101/light/case_899.mp400081.png,pupil,0.29885870817988347,0.29885870817988347,1.0,0.53210187
./cataract-101/light/case_899.mp400081.png,iris,0.419021640298236,1.0,0.419021640298236,0.3839897
./cataract-101/light/case_900.mp400082.png,pupil,0.431039320213235,0.431039320213235,1.0,0.87806094
./cataract-101/light/case_900.mp400082.png,iris,0.5273988156584625,1.0,0.5273988156584625,0.67630297
./cataract-101/light/case_901.mp400083.png,pupil,0.4362460367786937,0.4362460367786937,1.0,0.770447
./cataract-101/light/case_901.mp400083.png,iris,0.6597540390643839,1.0,0.6597540390643839,0.5003882
./cataract-101/light/case_902.mp400084.png,pupil,0.5405535636567118,0.5405535636567118,1.0,0.8200224
./cataract-101/light/case_902.mp400084.png,iris,0.5516644166548245,1.0,0.5516644166548245,0.77843535
./cataract-101/light/case_906.mp400086.png,pupil,0.5801539851176395,0.5801539851176395,1.0,0.8153025
./cataract-101/light/case_906.mp400086.png,iris,0.5777664781033497,0.9967105263157895,0.5788702795644144,0.7190252
./cataract-101/light/case_909.mp400089.png,pupil,0.6304245283018868,0.6304245283018868,1.0,0.5625441
./cataract-101/light/case_909.mp400089.png,iris,0.7386292983882539,0.7386292983882539,1.0,0.5746729
./cataract-101/light/case_926.mp400094.png,pupil,0.4583545784469572,0.4583545784469572,1.0,0.78734064
./cataract-101/light/case_926.mp400094.png,iris,0.5050946681981549,1.0,0.5050946681981549,0.6298595
./cataract-101/light/case_932.mp400098.png,pupil,0.5203017716368569,0.5203017716368569,1.0,0.39249465
./cataract-101/light/case_932.mp400098.png,iris,0.10495461422087746,1.0,0.10495461422087746,0.2441754
./cataract-101/light/case_933.mp400099.png,pupil,0.5265075493253466,0.5265075493253466,1.0,0.6171585
./cataract-101/light/case_933.mp400099.png,iris,0.39561413956935454,1.0,0.39561413956935454,0.50649625
./cataract-101/light/case_269.mp400101.png,pupil,0.4868622393214707,0.4868622393214707,1.0,0.7210979
./cataract-101/light/case_269.mp400101.png,iris,0.5107697588603793,1.0,0.5107697588603793,0.47845358
./cataract-101/light/case_278.mp400105.png,pupil,0.5947889945173784,0.5947889945173784,1.0,0.7941237
./cataract-101/light/case_278.mp400105.png,iris,0.5875017898906973,1.0,0.5875017898906973,0.4152972
./cataract-101/light/case_279.mp400003.png,pupil,0.4846574397872236,0.4846574397872236,1.0,0.33355346
./cataract-101/light/case_280.mp400004.png,iris,0.007653579219751441,0.03365384615384615,0.009809351581841355,0.45674917
./cataract-101/light/case_288.mp400005.png,pupil,0.4268804433887569,0.4268804433887569,1.0,0.8463345
./cataract-101/light/case_288.mp400005.png,iris,0.4419000430848772,1.0,0.4419000430848772,0.69706887
./cataract-101/light/case_294.mp400007.png,pupil,0.49429657794676807,0.49429657794676807,1.0,0.7294189
./cataract-101/light/case_294.mp400007.png,iris,0.5000542652485348,1.0,0.5000542652485348,0.48245606
./cataract-101/light/case_350.mp400009.png,pupil,0.4817548175481755,0.4817548175481755,1.0,0.6438817
./cataract-101/light/case_350.mp400009.png,iris,0.019455150063705042,0.12269938650306748,0.022598731277749463,0.6346585
./cataract-101/light/case_354.mp400010.png,pupil,0.4598922902494331,0.4598922902494331,1.0,0.7973286
./cataract-101/light/case_354.mp400010.png,iris,0.48485985985985985,1.0,0.48485985985985985,0.64798474
./cataract-101/light/case_356.mp400011.png,pupil,0.4797255627505396,0.4797255627505396,1.0,0.86579734
./cataract-101/light/case_356.mp400011.png,iris,0.45385480661071215,1.0,0.45385480661071215,0.736305
./cataract-101/light/case_734.mp400012.png,pupil,0.7212949445389281,0.7212949445389281,1.0,0.8104996
./cataract-101/light/case_734.mp400012.png,iris,0.45016061799686413,1.0,0.45016061799686413,0.49084416
./cataract-101/light/case_738.mp400013.png,pupil,0.3973791200813126,0.3973791200813126,1.0,0.7933004
./cataract-101/light/case_738.mp400013.png,iris,0.4045415045150565,1.0,0.4045415045150565,0.7291672
./cataract-101/light/case_739.mp400014.png,pupil,0.3690778232278776,0.3690778232278776,1.0,0.31264478
./cataract-101/light/case_739.mp400014.png,iris,0.6321026446713799,1.0,0.6321026446713799,0.39562806
./cataract-101/light/case_745.mp400015.png,iris,0.5647096318892708,1.0,0.5647096318892708,0.1471057
./cataract-101/light/case_749.mp400016.png,pupil,0.46847138920408493,0.46847138920408493,1.0,0.55362266
./cataract-101/light/case_749.mp400016.png,iris,0.45026455026455026,1.0,0.45026455026455026,0.6520039
./cataract-101/light/case_750.mp400017.png,pupil,0.4426716978036626,0.4426716978036626,1.0,0.84071094
./cataract-101/light/case_750.mp400017.png,iris,0.6515217849556517,1.0,0.6515217849556517,0.68794566
./cataract-101/light/case_751.mp400018.png,pupil,0.5473792407157367,0.5473792407157367,1.0,0.86583495
./cataract-101/light/case_751.mp400018.png,iris,0.5088504375497216,1.0,0.5088504375497216,0.7443679
./cataract-101/light/case_764.mp400020.png,pupil,0.5405394870195681,0.5405394870195681,1.0,0.84535575
./cataract-101/light/case_764.mp400020.png,iris,0.5933802113935167,1.0,0.5933802113935167,0.7793511
./cataract-101/light/case_768.mp400021.png,pupil,0.05697615944889341,0.15185185185185185,0.08357126994701945,0.51609606
./cataract-101/light/case_768.mp400021.png,iris,0.03572898259543463,0.26011560693641617,0.03977085949246348,0.6108719
./cataract-101/light/case_781.mp400025.png,pupil,0.38206173558532325,0.38206173558532325,1.0,0.44230825
./cataract-101/light/case_781.mp400025.png,iris,0.5491566621008246,1.0,0.5491566621008246,0.56350744
./cataract-101/light/case_784.mp400026.png,pupil,0.3449689054726368,0.3449689054726368,1.0,0.63943326
./cataract-101/light/case_784.mp400026.png,iris,0.3201515900477838,1.0,0.3201515900477838,0.26104096
./cataract-101/light/case_785.mp400027.png,pupil,0.5373067299672805,0.5373067299672805,1.0,0.8386018
./cataract-101/light/case_785.mp400027.png,iris,0.5268561665113389,1.0,0.5268561665113389,0.7263537
./cataract-101/light/case_786.mp400028.png,pupil,0.5567179201644681,0.5567179201644681,1.0,0.86041903
./cataract-101/light/case_786.mp400028.png,iris,0.608767576509512,1.0,0.608767576509512,0.758206
./cataract-101/light/case_788.mp400029.png,pupil,0.37565306122448977,0.37565306122448977,1.0,0.85762936
./cataract-101/light/case_788.mp400029.png,iris,0.48116959064327486,1.0,0.48116959064327486,0.5705717
./cataract-101/light/case_796.mp400106.png,pupil,0.7182759092721657,0.7182759092721657,1.0,0.54462236
./cataract-101/light/case_796.mp400106.png,iris,0.46030450478731755,1.0,0.46030450478731755,0.6029026
./cataract-101/light/case_797.mp400030.png,pupil,0.584299248079481,0.584299248079481,1.0,0.7395858
./cataract-101/light/case_797.mp400030.png,iris,0.6907733993233931,1.0,0.6907733993233931,0.59295243
./cataract-101/light/case_799.mp400031.png,pupil,0.6173973264428421,0.6173973264428421,1.0,0.28936082
./cataract-101/light/case_799.mp400031.png,iris,0.676841725754116,0.927536231884058,0.7146301230808273,0.4956318
./cataract-101/light/case_801.mp400032.png,pupil,0.5423955296404276,0.5423955296404276,1.0,0.7709391
./cataract-101/light/case_801.mp400032.png,iris,0.5749970177740665,1.0,0.5749970177740665,0.7801257
./cataract-101/light/case_821.mp400041.png,pupil,0.5270006506180872,0.5270006506180872,1.0,0.07551498
./cataract-101/light/case_821.mp400041.png,iris,0.7112809574594147,1.0,0.7112809574594147,0.24896865
./cataract-101/light/case_825.mp400042.png,pupil,0.778526721232547,0.778526721232547,1.0,0.7708202
./cataract-101/light/case_825.mp400042.png,iris,0.7692354897701191,0.944558521560575,0.8056093806737298,0.59614915
./cataract-101/light/case_827.mp400043.png,pupil,0.5761480760745359,0.5761480760745359,1.0,0.7442159
./cataract-101/light/case_827.mp400043.png,iris,0.8094397092323837,0.9936842105263158,0.8136256046104765,0.55313486
./cataract-101/light/case_828.mp400044.png,pupil,0.32318864529396646,0.32318864529396646,1.0,0.27926952
./cataract-101/light/case_828.mp400044.png,iris,0.7128042533159804,1.0,0.7128042533159804,0.6052502
./cataract-101/light/case_829.mp400045.png,pupil,0.5269367751362212,0.5269367751362212,1.0,0.5732463
./cataract-101/light/case_829.mp400045.png,iris,0.7808142777467931,0.91324200913242,0.8433734939759037,0.6736144
./cataract-101/light/case_830.mp400046.png,pupil,0.6985218414472717,0.6985218414472717,1.0,0.6024134
./cataract-101/light/case_830.mp400046.png,iris,0.8650104489442964,0.9758551307847082,0.8839285714285714,0.5255339
./cataract-101/light/case_834.mp400047.png,pupil,0.46932277660939037,0.46932277660939037,1.0,0.78220445
./cataract-101/light/case_834.mp400047.png,iris,0.5894999245798302,1.0,0.5894999245798302,0.5723987
./cataract-101/light/case_835.mp400048.png,pupil,0.5667302613265257,0.5667302613265257,1.0,0.5768467
./cataract-101/light/case_835.mp400048.png,iris,0.6182976501305483,1.0,0.6182976501305483,0.54472804
./cataract-101/light/case_840.mp400049.png,pupil,0.3902355752816661,0.3902355752816661,1.0,0.2866212
./cataract-101/light/case_840.mp400049.png,iris,0.47601883890811225,1.0,0.47601883890811225,0.39584452
./cataract-101/light/case_841.mp400050.png,pupil,0.41988532292745084,0.41988532292745084,1.0,0.66944563
./cataract-101/light/case_841.mp400050.png,iris,0.4655785064278492,1.0,0.4655785064278492,0.54081583
./cataract-101/light/case_845.mp400051.png,pupil,0.3150277813671017,0.3150277813671017,1.0,0.64088464
./cataract-101/light/case_845.mp400051.png,iris,0.6708076566504881,0.9920318725099602,0.6744415567325723,0.35552788
./cataract-101/light/case_846.mp400052.png,pupil,0.6206993006993007,0.6206993006993007,1.0,0.6869651
./cataract-101/light/case_846.mp400052.png,iris,0.6333333333333333,1.0,0.6333333333333333,0.62321097
./cataract-101/light/case_855.mp400057.png,pupil,0.4577963917525773,0.4577963917525773,1.0,0.81187695
./cataract-101/light/case_855.mp400057.png,iris,0.6057127854373116,1.0,0.6057127854373116,0.6531314
./cataract-101/light/case_856.mp400058.png,pupil,0.5093032957863997,0.5093032957863997,1.0,0.6768527
./cataract-101/light/case_856.mp400058.png,iris,0.539945836154367,1.0,0.539945836154367,0.65258807
./cataract-101/light/case_863.mp400062.png,pupil,0.49975994339717994,0.49975994339717994,1.0,0.13796881
./cataract-101/light/case_863.mp400062.png,iris,0.5685185185185185,1.0,0.5685185185185185,0.36353472
./cataract-101/light/case_865.mp400063.png,pupil,0.2773805538284949,0.2773805538284949,1.0,0.2097943
./cataract-101/light/case_865.mp400063.png,iris,0.3756425263372182,1.0,0.3756425263372182,0.14440674
./cataract-101/light/case_866.mp400064.png,pupil,0.5688693817579022,0.5688693817579022,1.0,0.7271166
./cataract-101/light/case_866.mp400064.png,iris,0.6371788847117794,1.0,0.6371788847117794,0.61497015
./cataract-101/light/case_867.mp400065.png,pupil,0.37523951458377686,0.37523951458377686,1.0,0.7764474
./cataract-101/light/case_867.mp400065.png,iris,0.46139933365064256,1.0,0.46139933365064256,0.39368418
./cataract-101/light/case_868.mp400066.png,pupil,0.5914261931187569,0.5914261931187569,1.0,0.7202384
./cataract-101/light/case_868.mp400066.png,iris,0.6424152195931516,0.9469026548672567,0.6664219254383189,0.54109514
./cataract-101/light/case_871.mp400067.png,pupil,0.4624813153961136,0.4624813153961136,1.0,0.6632213
./cataract-101/light/case_871.mp400067.png,iris,0.6162016201620162,1.0,0.6162016201620162,0.6068325
./cataract-101/light/case_882.mp400069.png,pupil,0.55293569876555,0.55293569876555,1.0,0.16418043
./cataract-101/light/case_882.mp400069.png,iris,0.6506633268392245,0.9883040935672515,0.655712415856395,0.47152326
./cataract-101/light/case_883.mp400070.png,pupil,0.47589383813642183,0.47589383813642183,1.0,0.8545852
./cataract-101/light/case_883.mp400070.png,iris,0.4302077053762262,1.0,0.4302077053762262,0.76167303
./cataract-101/light/case_884.mp400071.png,pupil,0.47078105314764246,0.47078105314764246,1.0,0.24214804
./cataract-101/light/case_884.mp400071.png,iris,0.5846840817970235,1.0,0.5846840817970235,0.32706618
./cataract-101/light/case_887.mp400073.png,pupil,0.3658270055199081,0.3658270055199081,1.0,0.69302136
./cataract-101/light/case_887.mp400073.png,iris,0.4893914981403123,1.0,0.4893914981403123,0.5304863
./cataract-101/light/case_891.mp400076.png,pupil,0.44225446929463685,0.44225446929463685,1.0,0.17309484
./cataract-101/light/case_891.mp400076.png,iris,0.6090810867789285,1.0,0.6090810867789285,0.29526737
./cataract-101/light/case_895.mp400078.png,pupil,0.552274972944996,0.552274972944996,1.0,0.70238376
./cataract-101/light/case_895.mp400078.png,iris,0.5594296669063025,1.0,0.5594296669063025,0.6553075
./cataract-101/light/case_898.mp400080.png,pupil,0.4210655622630914,0.4210655622630914,1.0,0.8447544
./cataract-101/light/case_898.mp400080.png,iris,0.43008363360225876,1.0,0.43008363360225876,0.6900905
./cataract-101/light/case_899.mp400081.png,pupil,0.29885870817988347,0.29885870817988347,1.0,0.53210187
./cataract-101/light/case_899.mp400081.png,iris,0.419021640298236,1.0,0.419021640298236,0.3839897
./cataract-101/light/case_900.mp400082.png,pupil,0.431039320213235,0.431039320213235,1.0,0.87806094
./cataract-101/light/case_900.mp400082.png,iris,0.5273988156584625,1.0,0.5273988156584625,0.67630297
./cataract-101/light/case_901.mp400083.png,pupil,0.4362460367786937,0.4362460367786937,1.0,0.770447
./cataract-101/light/case_901.mp400083.png,iris,0.6597540390643839,1.0,0.6597540390643839,0.5003882
./cataract-101/light/case_902.mp400084.png,pupil,0.5405535636567118,0.5405535636567118,1.0,0.8200224
./cataract-101/light/case_902.mp400084.png,iris,0.5516644166548245,1.0,0.5516644166548245,0.77843535
./cataract-101/light/case_906.mp400086.png,pupil,0.5801539851176395,0.5801539851176395,1.0,0.8153025
./cataract-101/light/case_906.mp400086.png,iris,0.5777664781033497,0.9967105263157895,0.5788702795644144,0.7190252
./cataract-101/light/case_909.mp400089.png,pupil,0.38351905877851644,0.38351905877851644,1.0,0.5625441
./cataract-101/light/case_909.mp400089.png,iris,0.8050374927898482,0.9875,0.8133255633255633,0.5746729
./cataract-101/light/case_926.mp400094.png,pupil,0.4583545784469572,0.4583545784469572,1.0,0.78734064
./cataract-101/light/case_926.mp400094.png,iris,0.5050946681981549,1.0,0.5050946681981549,0.6298595
./cataract-101/light/case_932.mp400098.png,pupil,0.5203017716368569,0.5203017716368569,1.0,0.39249465
./cataract-101/light/case_932.mp400098.png,iris,0.10495461422087746,1.0,0.10495461422087746,0.2441754
./cataract-101/light/case_933.mp400099.png,pupil,0.5265075493253466,0.5265075493253466,1.0,0.6171585
./cataract-101/light/case_933.mp400099.png,iris,0.39561413956935454,1.0,0.39561413956935454,0.50649625
./cataract-101/light/case_269.mp400101.png,pupil,0.9157158234660926,0.952844982078853,0.9591836734693877,0.6965938
./cataract-101/light/case_269.mp400101.png,iris,0.8384000911304447,0.8580713796470365,0.973384030418251,0.58363146
./cataract-101/light/case_278.mp400105.png,pupil,0.8663146135878947,0.8663146135878947,1.0,0.7934462
./cataract-101/light/case_278.mp400105.png,iris,0.4381954887218045,0.9893617021276596,0.4402699435938759,0.5571307
./cataract-101/light/case_279.mp400003.png,pupil,0.928228596941623,0.9630573248407643,0.9625,0.2472668
./cataract-101/light/case_279.mp400003.png,iris,0.36074127597071853,1.0,0.36074127597071853,0.3242945
./cataract-101/light/case_280.mp400004.png,pupil,0.7835774959990152,0.8743131868131868,0.883046614872364,0.75257736
./cataract-101/light/case_280.mp400004.png,iris,0.617992614971467,1.0,0.617992614971467,0.6213613
./cataract-101/light/case_288.mp400005.png,pupil,0.675669087895481,0.675669087895481,1.0,0.69325584
./cataract-101/light/case_288.mp400005.png,iris,0.6230064472344757,0.6230064472344757,1.0,0.5415285
./cataract-101/light/case_292.mp400006.png,pupil,0.8438647587691528,0.9333333333333333,0.8979921843417329,0.448387
./cataract-101/light/case_292.mp400006.png,iris,0.5858150344606508,1.0,0.5858150344606508,0.5291911
./cataract-101/light/case_294.mp400007.png,pupil,0.8117200217037439,0.8117200217037439,1.0,0.6563744
./cataract-101/light/case_294.mp400007.png,iris,0.7835904607898839,0.7835904607898839,1.0,0.5501678
./cataract-101/light/case_350.mp400009.png,pupil,0.8695708085516798,0.901840490797546,0.9604772557792692,0.49631608
./cataract-101/light/case_350.mp400009.png,iris,0.8680597925564368,1.0,0.8680597925564368,0.5894612
./cataract-101/light/case_354.mp400010.png,pupil,0.736,0.736,1.0,0.79371905
./cataract-101/light/case_354.mp400010.png,iris,0.7123342926914356,0.7123342926914356,1.0,0.7259017
./cataract-101/light/case_356.mp400011.png,pupil,0.7255522509468975,0.7255522509468975,1.0,0.8120433
./cataract-101/light/case_356.mp400011.png,iris,0.7791139891047384,0.7791139891047384,1.0,0.7305124
./cataract-101/light/case_734.mp400012.png,pupil,0.7496017840076458,0.7496017840076458,1.0,0.65983945
./cataract-101/light/case_734.mp400012.png,iris,0.6871328700256474,1.0,0.6871328700256474,0.6120325
./cataract-101/light/case_738.mp400013.png,pupil,0.7821051648454282,0.7821051648454282,1.0,0.8258734
./cataract-101/light/case_738.mp400013.png,iris,0.6175765935821113,0.6175765935821113,1.0,0.6430593
./cataract-101/light/case_739.mp400014.png,pupil,0.5784313725490197,0.5784313725490197,1.0,0.7372308
./cataract-101/light/case_739.mp400014.png,iris,0.5287164086366696,0.5287164086366696,1.0,0.6439826
./cataract-101/light/case_745.mp400015.png,pupil,0.493731355317262,0.493731355317262,1.0,0.66256684
./cataract-101/light/case_745.mp400015.png,iris,0.7612508741208223,0.7612508741208223,1.0,0.45893508
./cataract-101/light/case_749.mp400016.png,pupil,0.5122141372141372,0.5122141372141372,1.0,0.6382193
./cataract-101/light/case_749.mp400016.png,iris,0.7621913330091317,0.7621913330091317,1.0,0.62932473
./cataract-101/light/case_750.mp400017.png,pupil,0.49084121453459434,0.49084121453459434,1.0,0.659444
./cataract-101/light/case_750.mp400017.png,iris,0.6067100055369851,0.6067100055369851,1.0,0.67857623
./cataract-101/light/case_751.mp400018.png,pupil,0.7701928872814949,0.7768657850737194,0.9889705882352942,0.77302396
./cataract-101/light/case_751.mp400018.png,iris,0.8863501109087303,0.8967813743020837,0.9870466321243523,0.7555347
./cataract-101/light/case_764.mp400020.png,pupil,0.8421733914251437,0.8520367964907051,0.9864406779661017,0.84279084
./cataract-101/light/case_764.mp400020.png,iris,0.8517641329850812,1.0,0.8517641329850812,0.63255054
./cataract-101/light/case_768.mp400021.png,pupil,0.8411109544621458,0.8411109544621458,1.0,0.38305295
./cataract-101/light/case_768.mp400021.png,iris,0.5358301158301159,1.0,0.5358301158301159,0.3837698
./cataract-101/light/case_781.mp400025.png,pupil,0.5900204188929781,0.5900204188929781,1.0,0.67027646
./cataract-101/light/case_781.mp400025.png,iris,0.6077218015919239,0.6077218015919239,1.0,0.777981
./cataract-101/light/case_784.mp400026.png,pupil,0.6917138445702522,0.6917138445702522,1.0,0.5839043
./cataract-101/light/case_784.mp400026.png,iris,0.6053482587064677,0.6053482587064677,1.0,0.303261
./cataract-101/light/case_785.mp400027.png,pupil,0.604852737403815,0.604852737403815,1.0,0.67103773
./cataract-101/light/case_785.mp400027.png,iris,0.696477834092513,0.696477834092513,1.0,0.6519992
./cataract-101/light/case_786.mp400028.png,pupil,0.6359930830039525,0.6359930830039525,1.0,0.65139115
./cataract-101/light/case_786.mp400028.png,iris,0.8094434180628995,0.8162904745588487,0.9897435897435898,0.7083022
./cataract-101/light/case_788.mp400029.png,pupil,0.6477880408361691,0.6477880408361691,1.0,0.65820175
./cataract-101/light/case_788.mp400029.png,iris,0.4993537414965986,0.4993537414965986,1.0,0.5692084
./cataract-101/light/case_796.mp400106.png,pupil,0.8868300929839391,0.8943599536247698,0.9905956112852664,0.7559816
./cataract-101/light/case_796.mp400106.png,iris,0.8685127367463402,1.0,0.8685127367463402,0.7431628
./cataract-101/light/case_797.mp400030.png,pupil,0.624936230996837,0.624936230996837,1.0,0.3772073
./cataract-101/light/case_797.mp400030.png,iris,0.8957444532117208,0.9090569776595456,0.9839142091152815,0.53924835
./cataract-101/light/case_799.mp400031.png,pupil,0.4651679841897233,0.4651679841897233,1.0,0.4768573
./cataract-101/light/case_799.mp400031.png,iris,0.8673289453009061,0.8673289453009061,1.0,0.684065
./cataract-101/light/case_801.mp400032.png,pupil,0.7268370607028753,0.7268370607028753,1.0,0.5473175
./cataract-101/light/case_801.mp400032.png,iris,0.8353090681486258,0.891642371234208,0.9296827172742818,0.6177881
./cataract-101/light/case_821.mp400041.png,pupil,0.5517700957934194,0.5517700957934194,1.0,0.15633145
./cataract-101/light/case_821.mp400041.png,iris,0.8471421019971961,0.8564922390556743,0.9872773536895675,0.46460265
./cataract-101/light/case_825.mp400042.png,pupil,0.8009193150349453,0.8009193150349453,1.0,0.51176494
./cataract-101/light/case_825.mp400042.png,iris,0.8628501264482407,0.8677277747882977,0.9935275080906149,0.64868474
./cataract-101/light/case_827.mp400043.png,pupil,0.7737313432835821,0.7737313432835821,1.0,0.63228136
./cataract-101/light/case_827.mp400043.png,iris,0.7160257914557422,0.7249369251134217,0.9831223628691983,0.6455018
./cataract-101/light/case_828.mp400044.png,pupil,0.6113603843339873,0.6113603843339873,1.0,0.1109165
./cataract-101/light/case_828.mp400044.png,iris,0.5207116888839926,0.5207116888839926,1.0,0.6140898
./cataract-101/light/case_829.mp400045.png,pupil,0.7571708135308918,0.7571708135308918,1.0,0.59895235
./cataract-101/light/case_829.mp400045.png,iris,0.7262247838616714,0.728744939271255,0.995260663507109,0.58866656
./cataract-101/light/case_830.mp400046.png,pupil,0.6337174562526675,0.6337174562526675,1.0,0.16757187
./cataract-101/light/case_830.mp400046.png,iris,0.7160428004118252,0.7160428004118252,1.0,0.53963137
./cataract-101/light/case_834.mp400047.png,pupil,0.7002989737926576,0.7002989737926576,1.0,0.68477863
./cataract-101/light/case_834.mp400047.png,iris,0.613140777299571,0.613140777299571,1.0,0.6370587
./cataract-101/light/case_835.mp400048.png,pupil,0.5846649324910195,0.5846649324910195,1.0,0.49180093
./cataract-101/light/case_835.mp400048.png,iris,0.7730756957504735,0.7730756957504735,1.0,0.68775374
./cataract-101/light/case_840.mp400049.png,pupil,0.5656612821807168,0.5656612821807168,1.0,0.26182127
./cataract-101/light/case_840.mp400049.png,iris,0.7857452415812591,0.8179656635614301,0.9522613065326633,0.6169664
./cataract-101/light/case_841.mp400050.png,pupil,0.5808513278729214,0.5808513278729214,1.0,0.50598466
./cataract-101/light/case_841.mp400050.png,iris,0.6540375885960023,0.6540375885960023,1.0,0.64510286
./cataract-101/light/case_845.mp400051.png,pupil,0.7560365824152782,0.7560365824152782,1.0,0.5411026
./cataract-101/light/case_845.mp400051.png,iris,0.4813283369944437,0.4813283369944437,1.0,0.628437
./cataract-101/light/case_846.mp400052.png,pupil,0.7234786184210527,0.7234786184210527,1.0,0.6799191
./cataract-101/light/case_846.mp400052.png,iris,0.8751648351648351,0.8751648351648351,1.0,0.7000696
./cataract-101/light/case_855.mp400057.png,pupil,0.6553820505696026,0.6553820505696026,1.0,0.68313897
./cataract-101/light/case_855.mp400057.png,iris,0.9069838676740862,0.9157731958762887,0.9895287958115183,0.6265247
./cataract-101/light/case_856.mp400058.png,pupil,0.6809822361546499,0.6809822361546499,1.0,0.53951603
./cataract-101/light/case_856.mp400058.png,iris,0.75725768321513,0.75725768321513,1.0,0.5311325
./cataract-101/light/case_863.mp400062.png,pupil,0.6586044248910699,0.6586044248910699,1.0,0.7679284
./cataract-101/light/case_863.mp400062.png,iris,0.8512481278082875,0.8617021276595744,0.9859484777517564,0.6561256
./cataract-101/light/case_865.mp400063.png,pupil,0.6745529061102832,0.6745529061102832,1.0,0.5342136
./cataract-101/light/case_865.mp400063.png,iris,0.523697929121431,0.523697929121431,1.0,0.5728331
./cataract-101/light/case_866.mp400064.png,pupil,0.5922602585376846,0.5922602585376846,1.0,0.44618645
./cataract-101/light/case_866.mp400064.png,iris,0.7338030114656721,0.7338030114656721,1.0,0.7236562
./cataract-101/light/case_867.mp400065.png,pupil,0.7493736921217837,0.7493736921217837,1.0,0.7005328
./cataract-101/light/case_867.mp400065.png,iris,0.5942622950819673,0.5942622950819673,1.0,0.59041023
./cataract-101/light/case_868.mp400066.png,pupil,0.4959349593495935,0.4959349593495935,1.0,0.497772
./cataract-101/light/case_868.mp400066.png,iris,0.7161550297649076,0.7161550297649076,1.0,0.74819607
./cataract-101/light/case_871.mp400067.png,pupil,0.67909180543383,0.67909180543383,1.0,0.32707417
./cataract-101/light/case_871.mp400067.png,iris,0.918738440891013,0.932303604052483,0.9844097995545658,0.49811846
./cataract-101/light/case_882.mp400069.png,pupil,0.7343144507855985,0.7343144507855985,1.0,0.14227243
./cataract-101/light/case_882.mp400069.png,iris,0.7270600033428046,0.7270600033428046,1.0,0.62622094
./cataract-101/light/case_883.mp400070.png,pupil,0.767303609341826,0.767303609341826,1.0,0.81249297
./cataract-101/light/case_883.mp400070.png,iris,0.7944543398152101,0.8160160069349945,0.9678111587982833,0.7327706
./cataract-101/light/case_884.mp400071.png,pupil,0.6225994651973098,0.6225994651973098,1.0,0.68704575
./cataract-101/light/case_884.mp400071.png,iris,0.7838806957136424,0.7838806957136424,1.0,0.6511891
./cataract-101/light/case_887.mp400073.png,pupil,0.7716923076923077,0.7716923076923077,1.0,0.54378235
./cataract-101/light/case_887.mp400073.png,iris,0.6554568634593292,0.6554568634593292,1.0,0.5293949
./cataract-101/light/case_891.mp400076.png,pupil,0.3683673116195355,0.3683673116195355,1.0,0.47154897
./cataract-101/light/case_891.mp400076.png,iris,0.6996142461771903,0.6996142461771903,1.0,0.58262414
./cataract-101/light/case_895.mp400078.png,pupil,0.8197932053175776,0.8320839580209896,0.9823008849557522,0.2942502
./cataract-101/light/case_895.mp400078.png,iris,0.9034706095895542,0.9221698113207547,0.9780487804878049,0.6978194
./cataract-101/light/case_898.mp400080.png,pupil,0.6262857278286013,0.6262857278286013,1.0,0.7733489
./cataract-101/light/case_898.mp400080.png,iris,0.8291567223548131,0.8291567223548131,1.0,0.6258314
./cataract-101/light/case_899.mp400081.png,pupil,0.7047999305615832,0.7047999305615832,1.0,0.44914806
./cataract-101/light/case_899.mp400081.png,iris,0.6030995534541633,0.6030995534541633,1.0,0.5433943
./cataract-101/light/case_900.mp400082.png,pupil,0.6276717894364953,0.6276717894364953,1.0,0.66531086
./cataract-101/light/case_900.mp400082.png,iris,0.7148983927211512,0.7148983927211512,1.0,0.6678749
./cataract-101/light/case_901.mp400083.png,pupil,0.6990131578947368,0.6990131578947368,1.0,0.66386604
./cataract-101/light/case_901.mp400083.png,iris,0.5778249841471148,0.5778249841471148,1.0,0.6199925
./cataract-101/light/case_902.mp400084.png,pupil,0.7904625440728994,0.7904625440728994,1.0,0.82856554
./cataract-101/light/case_902.mp400084.png,iris,0.8441708202689437,0.9178877121717685,0.9131281892685944,0.71105963
./cataract-101/light/case_906.mp400086.png,pupil,0.6158552631578947,0.6158552631578947,1.0,0.70741916
./cataract-101/light/case_906.mp400086.png,iris,0.8062712374725794,0.8062712374725794,1.0,0.7300711
./cataract-101/light/case_909.mp400089.png,pupil,0.4222287735849057,0.4222287735849057,1.0,0.20540689
./cataract-101/light/case_909.mp400089.png,iris,0.6728442297575207,0.6728442297575207,1.0,0.40627947
./cataract-101/light/case_921.mp400091.png,pupil,0.7408588435374149,0.7408588435374149,1.0,0.6006417
./cataract-101/light/case_921.mp400091.png,iris,0.6495968620614513,1.0,0.6495968620614513,0.49899843
./cataract-101/light/case_925.mp400093.png,pupil,0.7464985994397759,1.0,0.7464985994397759,0.6642443
./cataract-101/light/case_925.mp400093.png,iris,0.5040711206715458,1.0,0.5040711206715458,0.5643717
./cataract-101/light/case_926.mp400094.png,pupil,0.6428501564945227,0.6428501564945227,1.0,0.69794744
./cataract-101/light/case_926.mp400094.png,iris,0.7644641732401548,0.7644641732401548,1.0,0.67273647
./cataract-101/light/case_929.mp400096.png,pupil,0.7677543186180422,0.9523809523809523,0.7984031936127745,0.4894486
./cataract-101/light/case_929.mp400096.png,iris,0.4891911093068101,1.0,0.4891911093068101,0.39030963
./cataract-101/light/case_931.mp400097.png,pupil,0.745010183299389,0.7952173913043479,0.921875,0.35089812
./cataract-101/light/case_931.mp400097.png,iris,0.564103904249203,1.0,0.564103904249203,0.19193861
./cataract-101/light/case_932.mp400098.png,pupil,0.8253633640297349,0.8935735735735736,0.9153439153439153,0.6491563
./cataract-101/light/case_932.mp400098.png,iris,0.5973164556962025,1.0,0.5973164556962025,0.6299915
./cataract-101/light/case_933.mp400099.png,pupil,0.8874163705624379,0.9273743016759777,0.9536947846429062,0.41927254
./cataract-101/light/case_933.mp400099.png,iris,0.02958131923937781,0.09712230215827339,0.04080163440023349,0.56551933
